umls_cui,sideeffect_name,drug_count
C0027497,null,1006
C0018681,null,948
C0042963,null,910
C0015230,null,904
C0012833,null,882
C0011991,null,830
C0033774,null,803
C0011603,null,788
C0004093,null,766
C0020517,null,758
C0000737,null,700
C0042109,null,671
C0015967,null,670
C0017178,null,632
C0015672,null,629
C0009806,null,625
C0030193,null,618
C0917801,null,613
C0013395,null,610
C0013404,null,594
C2830004,null,593
C0030554,null,587
C0687713,null,569
C0020649,null,565
C1443060,null,561
C0027765,null,550
C0232462,null,550
C0003123,null,533
C0040034,null,532
C0039231,null,530
C0009450,null,517
C0178298,null,516
C0003862,null,512
C0043352,null,510
C0002792,null,509
C0020538,null,503
C0013604,null,501
C0231528,null,500
C0009676,null,498
C0948594,null,497
C0003467,null,490
C0010200,null,490
C0008031,null,482
C0020458,null,481
C0037274,null,478
C0036974,null,475
C0036572,null,471
C0030252,null,467
C0042571,null,457
C0039070,null,457
C0002994,null,456
C0023530,null,456
C0231218,null,445
C0004604,null,445
C0002871,null,443
C0234215,null,442
C0085631,null,433
C0344232,null,428
C0040822,null,427
C0041657,null,415
C0004936,null,414
C0162429,null,414
C0027769,null,410
C0013378,null,407
C0025061,null,407
C0037763,null,404
C0042373,null,404
C0041834,null,402
C0002170,null,399
C0016204,null,395
C0085593,null,388
C0021053,null,385
C0003811,null,383
C0018799,null,378
C0016382,null,371
C0015397,null,365
C0233494,null,363
C0085649,null,358
C0009782,null,358
C0031350,null,350
C0019080,null,349
C0040264,null,348
C0042075,null,348
C0035455,null,344
C0014742,null,341
C0019158,null,338
C0428977,null,337
C0018524,null,323
C0037199,null,323
C0020580,null,321
C0014591,null,319
C0267792,null,319
C0042029,null,318
C3665347,null,312
C0851341,null,310
C0018965,null,309
C0038990,null,309
C0001824,null,302
C0027051,null,300
C0038325,null,299
C0009763,null,298
C0038362,null,297
C0041969,null,297
C0011570,null,297
C0022346,null,296
C0031117,null,296
C0032285,null,295
C0043096,null,293
C0041912,null,292
C0020456,null,289
C0013428,null,288
C0242350,null,285
C0043094,null,284
C0027947,null,281
C0035078,null,279
C0030305,null,276
C0013144,null,275
C0042023,null,275
C0006277,null,270
C0021400,null,265
C0162830,null,263
C0002962,null,260
C0030312,null,256
C0151905,null,254
C0700590,null,252
C0014457,null,252
C0151904,null,252
C0017152,null,251
C0026821,null,251
C0948089,null,250
C0006145,null,246
C0851353,null,245
C0011168,null,244
C0151786,null,242
C0232487,null,241
C0006266,null,239
C0027441,null,238
C0004096,null,238
C0000731,null,237
C0014518,null,237
C0080274,null,233
C0151766,null,232
C0151908,null,231
C0020621,null,231
C0020651,null,230
C0085633,null,230
C0011175,null,230
C0232492,null,227
C0004134,null,227
C0022107,null,225
C0018790,null,225
C0542571,null,223
C0149931,null,222
C0033975,null,220
C0030196,null,219
C0340865,null,215
C0038454,null,209
C0017181,null,207
C0012569,null,207
C0003864,null,206
C0232461,null,204
C0235431,null,204
C0023380,null,202
C0004238,null,200
C0020625,null,199
C0600142,null,198
C0020615,null,198
C0018801,null,196
C0233472,null,194
C0011606,null,194
C0547030,null,194
C0002622,null,193
C0039971,null,192
C0029408,null,192
C0011124,null,192
C0027424,null,190
C1565489,null,190
C0034150,null,189
C0022660,null,189
C0085605,null,188
C0855242,null,187
C0151827,null,184
C0013595,null,184
C0017160,null,184
C0018802,null,184
C0086565,null,182
C0002878,null,181
C0011849,null,179
C0040046,null,178
C0085932,null,177
C0013456,null,176
C0497156,null,176
C0032617,null,175
C0038999,null,174
C0235146,null,173
C0851578,null,172
C0349506,null,171
C3263723,null,170
C0026826,null,169
C0236075,null,168
C0424295,null,166
C0233407,null,166
C0018418,null,164
C0243026,null,164
C0852911,null,164
C0027651,null,163
C3665386,null,162
C0423791,null,162
C0013491,null,162
C0034063,null,161
C0314719,null,161
C0442874,null,159
C0011053,null,159
C1368065,null,159
C0149745,null,158
C0014868,null,158
C0851354,null,156
C0234458,null,155
C0220870,null,155
C0031542,null,155
C0085636,null,155
C0023218,null,153
C0009319,null,153
C1306341,null,151
C0034065,null,151
C0009421,null,151
C0002874,null,150
C0151539,null,150
C0007859,null,150
C0151849,null,148
C0043144,null,148
C0026858,null,147
C0042267,null,146
C0010692,null,145
C0042514,null,145
C0006840,null,145
C0042024,null,144
C0497247,null,144
C0231530,null,144
C0232849,null,144
C0025222,null,144
C0019521,null,143
C0151735,null,143
C0028084,null,143
C0268000,null,141
C0404521,null,141
C0014724,null,139
C0311468,null,139
C1167965,null,139
C0020443,null,139
C0574067,null,138
C0011616,null,138
C0520966,null,137
C0021368,null,137
C0151825,null,137
C0086543,null,136
C0521839,null,136
C0042384,null,135
C0020461,null,135
C0028734,null,135
C0037036,null,133
C0017168,null,133
C0575081,null,133
C0237849,null,132
C0687133,null,132
C0004245,null,131
C0022408,null,131
C0013390,null,130
C0151578,null,130
C0023518,null,129
C0235996,null,129
C0549249,null,129
C0013384,null,129
C0740394,null,129
C1145670,null,128
C0017675,null,128
C0019348,null,127
C0151736,null,127
C0020433,null,127
C0035410,null,126
C0151636,null,126
C0018099,null,125
C0005940,null,125
C0041582,null,124
C0013362,null,124
C0151763,null,124
C0022354,null,123
C0235416,null,123
C0042401,null,122
C0267596,null,122
C0233632,null,122
C0009938,null,120
C0948525,null,120
C0007642,null,120
C0001807,null,119
C0033687,null,119
C1384666,null,118
C0006826,null,118
C0702166,null,117
C0235266,null,117
C0003578,null,117
C0042769,null,117
C0028961,null,117
C0020598,null,117
C0151907,null,117
C0002453,null,117
C2363731,null,116
C0235710,null,116
C0014130,null,116
C0152227,null,115
C0007222,null,115
C0037822,null,115
C0011206,null,115
C0024902,null,115
C0233414,null,114
C0031256,null,114
C0677500,null,114
C0151662,null,114
C0030232,null,113
C1260880,null,110
C0018939,null,110
C0340464,null,109
C0151828,null,109
C0424790,null,108
C0234233,null,106
C0020453,null,106
C0233794,null,105
C0037299,null,105
C0029882,null,105
C0160390,null,105
C0026961,null,105
C0151744,null,105
C0032227,null,104
C0042510,null,104
C0948586,null,104
C0002418,null,104
C0019360,null,104
C0028643,null,103
C2242996,null,103
C0017574,null,103
C0026946,null,103
C0019079,null,103
C2364111,null,103
C1527344,null,102
C0085641,null,101
C0017979,null,101
C0234913,null,101
C0036454,null,100
C0392525,null,100
C0235378,null,99
C2979982,null,99
C0015376,null,99
C0023066,null,99
C0027813,null,98
C0026848,null,98
C0278134,null,97
C0338831,null,97
C0017601,null,97
C0162119,null,97
C0424000,null,96
C0040053,null,96
C0000833,null,95
C0023067,null,95
C0085612,null,95
C0015371,null,95
C0008370,null,95
C0392171,null,94
C0020473,null,94
C0005758,null,93
C0235063,null,93
C0005779,null,93
C0522224,null,93
C0001925,null,93
C0028738,null,93
C0041349,null,93
C0027540,null,93
C0011615,null,93
C0085628,null,92
C0025323,null,92
C0018926,null,92
C0025874,null,91
C0011253,null,91
C0040479,null,90
C0019209,null,90
C0000729,null,90
C0242429,null,90
C2939147,null,90
C0010709,null,89
C0025345,null,88
C0206062,null,88
C1258215,null,88
C0030920,null,88
C0085632,null,87
C0858635,null,87
C0086439,null,87
C0022568,null,86
C0011551,null,86
C0020437,null,86
C0020578,null,86
C0040409,null,85
C0022650,null,85
C0027707,null,85
C0027796,null,85
C0016436,null,84
C0332575,null,84
C0036508,null,84
C0039240,null,84
C0023052,null,84
C0855775,null,84
C0085624,null,83
C0018944,null,83
C0302295,null,83
C0023895,null,83
C0020676,null,83
C0853034,null,82
C0151773,null,82
C0232459,null,82
C0024115,null,82
C0003537,null,81
C0040435,null,81
C0233471,null,81
C1456784,null,81
C0947912,null,81
C0010520,null,81
C2363730,null,81
C0392386,null,80
C0438717,null,80
C0008350,null,79
C0836924,null,79
C0151878,null,79
C0006849,null,79
C0149871,null,79
C0235309,null,79
C0033860,null,78
C0853692,null,78
C0032584,null,78
C0162834,null,78
C0021843,null,78
C0035243,null,78
C0151723,null,78
C0235660,null,78
C1510410,null,77
C0700225,null,77
C2225524,null,77
C0746883,null,77
C0019572,null,77
C0018834,null,76
C0423153,null,76
C0027066,null,76
C0027339,null,76
C0522055,null,76
C0005741,null,75
C0040460,null,75
C0549373,null,75
C0011609,null,75
C0242184,null,75
C0021177,null,75
C0038663,null,74
C0234632,null,74
C0030794,null,74
C0037383,null,73
C0392025,null,73
C0019112,null,73
C0227791,null,73
C0013922,null,73
C0156404,null,73
C0151603,null,72
C0028081,null,72
C0426576,null,72
C0085584,null,72
C0085682,null,72
C0151798,null,72
C0085606,null,72
C0235198,null,71
C0476273,null,71
C0029134,null,71
C0016658,null,71
C0151883,null,70
C0549622,null,70
C0333355,null,70
C0029456,null,69
C0020557,null,69
C0017565,null,69
C0852733,null,69
C0151610,null,69
C0006852,null,69
C0008325,null,69
C0018794,null,69
C0853149,null,69
C0021141,null,69
C0020039,null,68
C0151576,null,68
C2129214,null,67
C0038358,null,66
C0024312,null,66
C0026827,null,66
C2937358,null,66
C0392156,null,66
C0456909,null,65
C0037317,null,65
C0152198,null,65
C0595877,null,65
C0595916,null,64
C0151754,null,64
C0020672,null,64
C0026837,null,64
C0032961,null,64
C0853813,null,63
C0013447,null,63
C0027849,null,63
C0024141,null,63
C0575090,null,63
C0038661,null,62
C1609512,null,62
C0027121,null,62
C0206277,null,62
C0006384,null,62
C0234133,null,62
C0007787,null,62
C0438142,null,61
C0033117,null,61
C0001122,null,61
C1257843,null,61
C0700345,null,61
C0750394,null,61
C0020488,null,60
C0242528,null,60
C0878544,null,60
C0085610,null,60
C0015732,null,60
C0235639,null,60
C0152029,null,60
C1971624,null,59
C0033771,null,59
C0152031,null,59
C0006444,null,59
C0558489,null,59
C0023533,null,58
C0206061,null,58
C0043251,null,58
C2242737,null,58
C0162285,null,58
C0917798,null,58
C0022658,null,58
C0162835,null,58
C0015402,null,58
C0700184,null,57
C0232292,null,56
C0032326,null,56
C0023222,null,56
C0011071,null,56
C0235896,null,56
C0151889,null,56
C0085096,null,55
C0029118,null,55
C0038363,null,55
C0151746,null,55
C0344315,null,55
C0151315,null,55
C0233571,null,55
C0151479,null,54
C0151596,null,54
C0687707,null,54
C1320474,null,54
C0521591,null,54
C0242301,null,54
C0277925,null,53
C0152030,null,53
C0001339,null,53
C0234708,null,53
C0013295,null,53
C0546817,null,53
C0042790,null,53
C0027726,null,53
C2973529,null,53
C0014236,null,53
C0014549,null,53
C1291078,null,53
C2981158,null,53
C0038367,null,52
C0392699,null,52
C0235086,null,52
C0022281,null,52
C0155169,null,52
C0019270,null,52
C0854467,null,52
C0332534,null,52
C0151699,null,51
C1761613,null,51
C0877359,null,51
C0152128,null,51
C0034882,null,51
C0151888,null,51
C0004623,null,51
C0022904,null,51
C0016199,null,51
C0234238,null,50
C0340726,null,50
C0007971,null,50
C0151505,null,50
C0151740,null,50
C0036830,null,50
C0039503,null,50
C0151692,null,50
C0233477,null,50
C0034069,null,50
C0031212,null,50
C0019825,null,49
C0007820,null,49
C0242422,null,49
C0031046,null,49
C0595930,null,49
C0009241,null,49
C0016867,null,48
C0497365,null,48
C0151836,null,48
C0003962,null,48
C0151872,null,48
C0521491,null,48
C0038587,null,47
C0162297,null,47
C0014743,null,47
C0220981,null,47
C0857305,null,47
C0034886,null,47
C0011630,null,47
C0549209,null,47
C0150450,null,46
C0043387,null,46
C0699828,null,46
C0236071,null,46
C0151602,null,46
C0744727,null,46
C0221512,null,46
C0699744,null,46
C0086769,null,46
C0042487,null,46
C0026205,null,45
C0014544,null,45
C0033777,null,45
C0232493,null,45
C1291077,null,45
C0700361,null,45
C0004239,null,45
C0039239,null,45
C0518988,null,45
C0152032,null,45
C0221201,null,45
C0034642,null,45
C0025289,null,45
C0020555,null,45
C0030552,null,45
C0018932,null,45
C0022081,null,45
C0235234,null,45
C0027932,null,44
C0031039,null,44
C0020550,null,44
C1519353,null,44
C0427008,null,44
C0231919,null,44
C0036104,null,44
C0151772,null,44
C0857353,null,44
C0087169,null,44
C0030446,null,44
C0151826,null,43
C0034359,null,43
C0235818,null,43
C0342579,null,43
C0438215,null,43
C0036973,null,43
C0033575,null,43
C0085614,null,43
C0034186,null,43
C0013182,null,43
C0476280,null,43
C0235969,null,43
C0006142,null,43
C0232431,null,42
C0232726,null,42
C0497327,null,42
C0409974,null,42
C0024299,null,42
C0029445,null,42
C0151970,null,42
C0033036,null,41
C0428974,null,41
C0162820,null,41
C0234518,null,41
C0018520,null,41
C0151559,null,41
C0221490,null,41
C0020542,null,41
C1956346,null,41
C0002884,null,41
C0233514,null,41
C0035309,null,40
C0853761,null,40
C0012739,null,40
C0002957,null,40
C0034880,null,40
C0151717,null,40
C0392676,null,40
C0018800,null,40
C0235032,null,40
C0006147,null,40
C0022116,null,40
C0919980,null,40
C0234987,null,39
C0007785,null,39
C0686347,null,39
C0235490,null,39
C0085637,null,39
C0151205,null,39
C0149904,null,39
C0152459,null,39
C0004364,null,39
C0039520,null,39
C0042345,null,39
C0003460,null,39
C0241863,null,39
C0021167,null,38
C0021845,null,38
C0026857,null,38
C0042164,null,38
C0475858,null,38
C0018991,null,38
C1320835,null,38
C0241934,null,38
C0011334,null,38
C3203358,null,38
C0151517,null,38
C0042134,null,38
C0018021,null,38
C0000768,null,38
C0041105,null,37
C0151514,null,37
C0541832,null,37
C0231835,null,37
C0423602,null,37
C0149725,null,37
C0026766,null,36
C0030353,null,36
C0027697,null,36
C0232495,null,36
C0549475,null,36
C0600228,null,36
C0085616,null,36
C0262397,null,36
C0009760,null,36
C0333641,null,36
C0017672,null,36
C0020546,null,35
C0236000,null,35
C0035229,null,35
C0038450,null,35
C0004144,null,35
C0018808,null,35
C0240327,null,35
C0042035,null,35
C0151436,null,35
C0014335,null,35
C0037195,null,35
C0035317,null,35
C0151838,null,34
C0024305,null,34
C0021308,null,34
C2711227,null,34
C0014534,null,34
C1325847,null,34
C0542184,null,34
C0012797,null,34
C2697368,null,34
C0015469,null,34
C0948349,null,34
C0857496,null,34
C0152025,null,34
C0270996,null,34
C0392176,null,34
C0853619,null,33
C0700200,null,33
C0037278,null,33
C0006325,null,33
C0026113,null,33
C0040038,null,33
C0085602,null,33
C0015256,null,33
C0232602,null,33
C0424605,null,33
C0012813,null,33
C0338656,null,32
C0234930,null,32
C0151799,null,32
C0162529,null,32
C0917799,null,32
C0151734,null,32
C0005778,null,32
C0024282,null,32
C0205204,null,32
C0151632,null,32
C0085635,null,32
C0026650,null,32
C0151936,null,31
C0015403,null,31
C0033845,null,31
C0007097,null,31
C0162298,null,31
C0853760,null,31
C0028259,null,31
C0029878,null,31
C0013298,null,31
C0231807,null,31
C0007398,null,31
C0006625,null,31
C0040485,null,31
C0234894,null,31
C0442886,null,31
C0549567,null,31
C0427086,null,31
C0003873,null,31
C1720775,null,30
C0020639,null,30
C1861172,null,30
C1458155,null,30
C1619712,null,30
C0151474,null,30
C0151313,null,30
C0036983,null,30
C0037011,null,30
C0235031,null,30
C2937350,null,30
C0242073,null,30
C0013146,null,30
C0038814,null,30
C0151937,null,30
C0035258,null,30
C0017605,null,30
C0037287,null,30
C0281981,null,30
C0007114,null,30
C0233763,null,30
C0036396,null,30
C0035305,null,30
C0855329,null,29
C0232498,null,29
C0021775,null,29
C1527311,null,29
C0017566,null,29
C0035222,null,29
C0549386,null,29
C0347390,null,29
C0855333,null,29
C0085669,null,29
C0020514,null,29
C0264906,null,29
C0151942,null,29
C0085611,null,29
C0271650,null,29
C0039446,null,29
C0494475,null,29
C0014394,null,29
C0152517,null,29
C0235259,null,29
C0020452,null,29
C0236068,null,29
C0546884,null,29
C0037284,null,29
C0439857,null,28
C0018772,null,28
C0010038,null,28
C0039338,null,28
C0751295,null,28
C0025202,null,28
C0152027,null,28
C0020569,null,28
C0041364,null,28
C0043349,null,28
C0853697,null,28
C0016059,null,27
C0019372,null,27
C0232197,null,27
C0151664,null,27
C0085583,null,27
C0175167,null,27
C0221776,null,27
C0151686,null,27
C0870082,null,27
C1760428,null,27
C1510472,null,27
C0042133,null,27
C0162287,null,27
C0858259,null,27
C0034155,null,27
C0151601,null,27
C0023418,null,27
C0231303,null,27
C0022661,null,27
C0858797,null,27
C0039621,null,27
C0038002,null,27
C0349790,null,27
C1269683,null,27
C0242656,null,26
C0026846,null,26
C0151480,null,26
C0009443,null,26
C0002390,null,26
C0024117,null,26
C0235290,null,26
C0002965,null,26
C0237314,null,26
C0031085,null,26
C0235567,null,26
C0085681,null,26
C0795692,null,26
C0521490,null,26
C0853700,null,26
C0392197,null,26
C0151529,null,26
C0085623,null,26
C0031154,null,25
C0014356,null,25
C0024236,null,25
C0852913,null,25
C0599918,null,25
C0235437,null,25
C0005747,null,25
C0235886,null,25
C0027059,null,25
C0271051,null,25
C0520893,null,25
C0241057,null,25
C0263449,null,25
C0234022,null,25
C0341012,null,25
C0026896,null,25
C0003126,null,25
C0041948,null,25
C0033246,null,25
C0541799,null,25
C0020565,null,25
C0241705,null,25
C1262144,null,25
C0039591,null,25
C0040425,null,24
C0018213,null,24
C0728899,null,24
C0239978,null,24
C0521592,null,24
C0476089,null,24
C0149741,null,24
C0221423,null,24
C0151579,null,24
C0559031,null,24
C0259799,null,24
C0948595,null,24
C0038826,null,24
C0004509,null,24
C0032461,null,24
C0521495,null,24
C0236024,null,24
C0278106,null,24
C0001125,null,24
C0024894,null,24
C0025290,null,24
C0151824,null,24
C0010481,null,23
C0035854,null,23
C1457883,null,23
C0876994,null,23
C0028960,null,23
C0010043,null,23
C0262988,null,23
C1096250,null,23
C0085129,null,23
C0151701,null,23
C0036690,null,23
C0038220,null,23
C0022104,null,23
C0086132,null,23
C0234192,null,23
C0699893,null,23
C0162316,null,23
C0021359,null,23
C0010037,null,23
C0009324,null,23
C0003708,null,23
C0239981,null,23
C0018621,null,23
C0085595,null,22
C0520573,null,22
C1262113,null,22
C0233715,null,22
C2939186,null,22
C0947999,null,22
C0042420,null,22
C0030846,null,22
C0548823,null,22
C0595883,null,22
C0973461,null,22
C0041976,null,22
C0151626,null,22
C0025637,null,22
C0151698,null,22
C0002888,null,22
C0007117,null,22
C0029927,null,22
C0853714,null,22
C0007286,null,22
C2607914,null,22
C0161479,null,22
C0877661,null,22
C0029453,null,22
C0015300,null,22
C0151594,null,22
C0019054,null,22
C0240735,null,22
C2004489,null,22
C0019087,null,22
C0919715,null,22
C0585186,null,22
C0278079,null,22
C0020701,null,22
C0522153,null,22
C0234047,null,22
C0036980,null,21
C0858678,null,21
C0155626,null,21
C0008489,null,21
C0032290,null,21
C0007137,null,21
C0018989,null,21
C0028077,null,21
C0235876,null,21
C0241136,null,21
C0086525,null,21
C0015734,null,21
C0026986,null,21
C0034152,null,21
C0302809,null,21
C3665346,null,21
C0750426,null,21
C0013609,null,21
C0034068,null,21
C0233762,null,21
C0542476,null,21
C0025320,null,21
C0016242,null,21
C0343863,null,21
C0600260,null,21
C0017086,null,21
C0392163,null,21
C0332563,null,21
C0423006,null,21
C0853777,null,21
C0740425,null,21
C0037023,null,21
C0541782,null,21
C0856151,null,21
C0033247,null,21
C0028754,null,21
C0030807,null,21
C0038525,null,20
C0151705,null,20
C0033581,null,20
C0151605,null,20
C0027720,null,20
C0232807,null,20
C0553732,null,20
C0029443,null,20
C0032231,null,20
C1510497,null,20
C0235750,null,20
C0025517,null,20
C0341047,null,20
C0018946,null,20
C0019061,null,20
C0856054,null,20
C0042594,null,20
C0520887,null,20
C0741494,null,20
C0239488,null,20
C0232910,null,20
C0221100,null,20
C0239739,null,20
C0877192,null,20
C0040586,null,20
C0877322,null,20
C0376358,null,20
C0043246,null,20
C0037315,null,20
C0919924,null,20
C0221170,null,20
C0262385,null,19
C0001623,null,19
C0270458,null,19
C0151691,null,19
C0520589,null,19
C0008033,null,19
C0242379,null,19
C0242339,null,19
C1322281,null,19
C0151611,null,19
C1145628,null,19
C0743680,null,19
C0015393,null,19
C0041296,null,19
C0271710,null,19
C0919874,null,19
C0262662,null,19
C0033775,null,19
C0027092,null,19
C0278080,null,19
C0239134,null,19
C0037672,null,19
C0235901,null,19
C0032708,null,19
C0037290,null,19
C0151818,null,19
C0013132,null,19
C0235267,null,19
C0026636,null,19
C0018500,null,19
C0700292,null,19
C0151830,null,18
C0522063,null,18
C0151785,null,18
C0042998,null,18
C2240374,null,18
C3665624,null,18
C0151671,null,18
C0007760,null,18
C0001175,null,18
C0233459,null,18
C0016034,null,18
C0425945,null,18
C0345904,null,18
C0233565,null,18
C0023787,null,18
C0079043,null,18
C0393760,null,18
C0156312,null,18
C0025362,null,18
C0271738,null,18
C1527358,null,18
C0860866,null,18
C0259749,null,18
C0338614,null,18
C0162281,null,18
C0549433,null,18
C0948807,null,18
C0434437,null,18
C1112214,null,18
C0877055,null,18
C0429097,null,18
C0235351,null,18
C0264886,null,18
C0029877,null,18
C0231365,null,18
C0030318,null,18
C0007682,null,17
C0001883,null,17
C0239377,null,17
C0025287,null,17
C0022573,null,17
C1318520,null,17
C0239295,null,17
C0021655,null,17
C1140680,null,17
C0920289,null,17
C0008301,null,17
C0393761,null,17
C0231856,null,17
C1608945,null,17
C0476281,null,17
C0684249,null,17
C0004610,null,17
C0162557,null,17
C0151609,null,17
C0085688,null,17
C0854082,null,17
C0080203,null,17
C0877153,null,17
C0221242,null,17
C0239340,null,17
C0948873,null,17
C0151564,null,17
C0033893,null,17
C0235280,null,17
C0555724,null,17
C1384606,null,17
C2239176,null,17
C0019163,null,17
C0019196,null,17
C0221203,null,17
C1096035,null,16
C0030486,null,16
C0392162,null,16
C0019340,null,16
C0860803,null,16
C0338908,null,16
C0040147,null,16
C0240211,null,16
C0520888,null,16
C0008035,null,16
C0221706,null,16
C0022893,null,16
C0522172,null,16
C0149514,null,16
C0549405,null,16
C0235874,null,16
C0234916,null,16
C0017658,null,16
C0238106,null,16
C0085692,null,16
C0595929,null,16
C0239454,null,16
C0004095,null,16
C0152169,null,16
C2584688,null,16
C0553548,null,16
C0004690,null,16
C0020295,null,16
C0235169,null,16
C0427108,null,16
C0344320,null,16
C0235763,null,16
C0043241,null,16
C0852908,null,16
C0029124,null,16
C0553692,null,16
C3160858,null,16
C0008311,null,16
C0031924,null,16
C1321898,null,16
C0235025,null,16
C0023467,null,16
C1720798,null,16
C2939419,null,16
C1262013,null,16
C0853225,null,16
C0015468,null,16
C1704272,null,16
C0013220,null,16
C0043117,null,16
C0007166,null,15
C0023890,null,15
C0221269,null,15
C0018824,null,15
C0234428,null,15
C0025218,null,15
C0235315,null,15
C0019214,null,15
C0003813,null,15
C1522133,null,15
C0006114,null,15
C0038160,null,15
C0036130,null,15
C0085702,null,15
C0151752,null,15
C0221016,null,15
C0235030,null,15
C0024031,null,15
C0233485,null,15
C0423798,null,15
C0312420,null,15
C0018843,null,15
C0029261,null,15
C0741553,null,15
C0241633,null,15
C1096343,null,15
C0151934,null,15
C1302752,null,15
C0042907,null,15
C0262431,null,15
C0240417,null,15
C0270994,null,15
C0858617,null,15
C0542203,null,15
C1268766,null,15
C3257803,null,15
C0240557,null,15
C0085762,null,15
C0023510,null,15
C0010346,null,15
C0239150,null,15
C0025160,null,15
C0003469,null,15
C0239385,null,15
C0235347,null,15
C0854382,null,15
C0030848,null,15
C0023646,null,14
C0876973,null,14
C0002063,null,14
C0019193,null,14
C0019917,null,14
C0234369,null,14
C2609445,null,14
C0920171,null,14
C0018378,null,14
C1306571,null,14
C0221185,null,14
C0260662,null,14
C0030662,null,14
C0237938,null,14
C0948296,null,14
C0232488,null,14
C0024437,null,14
C0553721,null,14
C0020620,null,14
C0221752,null,14
C0040261,null,14
C1510431,null,14
C0030781,null,14
C0235325,null,14
C0236072,null,14
C2938875,null,14
C0033046,null,14
C0016977,null,14
C0014869,null,14
C0036341,null,14
C0581912,null,14
C0424230,null,14
C0003850,null,14
C0543698,null,14
C0743400,null,14
C1142499,null,14
C0270611,null,14
C0241442,null,14
C0497201,null,14
C0021051,null,14
C0022575,null,14
C0856882,null,14
C0029089,null,14
C0030578,null,14
C1527407,null,14
C0155003,null,14
C0006663,null,14
C0541820,null,14
C0085660,null,14
C0001622,null,14
C0235807,null,14
C0035508,null,13
C0235409,null,13
C0854100,null,13
C0549399,null,13
C0022073,null,13
C0877338,null,13
C0016927,null,13
C0010828,null,13
C0406834,null,13
C0278061,null,13
C0014866,null,13
C0746961,null,13
C0005586,null,13
C0853193,null,13
C0234193,null,13
C0234909,null,13
C0919823,null,13
C0009766,null,13
C0032781,null,13
C0085622,null,13
C0474378,null,13
C0586553,null,13
C0853986,null,13
C0036689,null,13
C0019345,null,13
C0152009,null,13
C0012359,null,13
C0553704,null,13
C0235270,null,13
C0751494,null,13
C0423232,null,13
C0028173,null,13
C0151577,null,13
C0857448,null,13
C0235857,null,13
C0024205,null,13
C0085680,null,13
C0019151,null,13
C0233754,null,13
C0020523,null,13
C0262985,null,13
C1456822,null,13
C0151604,null,13
C0039584,null,13
C0043250,null,13
C0034902,null,13
C0151599,null,13
C0240671,null,13
C0005684,null,13
C0015663,null,13
C0014173,null,13
C0014175,null,13
C0036416,null,13
C0030567,null,13
C0002940,null,13
C1442903,null,13
C1619702,null,13
C0041956,null,13
C1287298,null,13
C0863113,null,13
C0016385,null,13
C0028949,null,13
C1274594,null,13
C1262141,null,13
C0860871,null,13
C1096274,null,13
C0860967,null,13
C0850149,null,13
C0009917,null,13
C0021390,null,13
C0426732,null,13
C1112442,null,13
C0026603,null,13
C0701811,null,12
C0029442,null,12
C0013687,null,12
C0024314,null,12
C0008049,null,12
C0007194,null,12
C0041747,null,12
C1112320,null,12
C0020903,null,12
C0028866,null,12
C2173677,null,12
C0178421,null,12
C0423773,null,12
C2939420,null,12
C0023212,null,12
C0577559,null,12
C0027080,null,12
C0595878,null,12
C0236065,null,12
C0151713,null,12
C0553702,null,12
C0549448,null,12
C0332601,null,12
C0043345,null,12
C0029928,null,12
C0003615,null,12
C0080276,null,12
C3495440,null,12
C3489393,null,12
C0006285,null,12
C0162566,null,12
C0853026,null,12
C0281774,null,12
C0020440,null,12
C0018674,null,12
C0678222,null,12
C0264893,null,12
C0015644,null,12
C0029132,null,12
C0021122,null,12
C0043037,null,12
C0019294,null,12
C0007177,null,12
C0221150,null,12
C0037384,null,12
C0558401,null,12
C0236082,null,12
C1264613,null,12
C0013415,null,12
C1112525,null,12
C0265031,null,12
C0178415,null,12
C0221165,null,12
C0085570,null,12
C0035232,null,12
C0040128,null,12
C0234131,null,12
C0853908,null,12
C0151971,null,12
C0231170,null,12
C0424823,null,12
C0424109,null,12
C0151547,null,12
C0267797,null,11
C1963951,null,11
C0039103,null,11
C2939465,null,11
C0042256,null,11
C1262036,null,11
C0474381,null,11
C0277884,null,11
C1504494,null,11
C0004044,null,11
C1392046,null,11
C0018188,null,11
C0877517,null,11
C0002886,null,11
C0031099,null,11
C1167709,null,11
C0235082,null,11
C1260922,null,11
C0020619,null,11
C0863093,null,11
C0013781,null,11
C0080194,null,11
C0549493,null,11
C3160947,null,11
C0035328,null,11
C0595939,null,11
C0085615,null,11
C0549418,null,11
C0151747,null,11
C0852625,null,11
C0032533,null,11
C0520587,null,11
C0015423,null,11
C0853019,null,11
C0028768,null,11
C0339916,null,11
C0035357,null,11
C0232286,null,11
C0022638,null,11
C0014038,null,11
C0020507,null,11
C0232766,null,11
C1535939,null,11
C0023524,null,11
C0151779,null,11
C1141861,null,11
C0085620,null,11
C0525045,null,11
C0426390,null,11
C1305875,null,11
C0267537,null,11
C0085661,null,11
C0151714,null,11
C0235439,null,11
C0086168,null,11
C0240322,null,11
C0235848,null,11
C0016053,null,11
C0038435,null,11
C0030805,null,11
C0281856,null,11
C0239783,null,11
C0030201,null,11
C0151998,null,11
C0236051,null,11
C0151571,null,11
C0424296,null,11
C0020505,null,11
C0541798,null,11
C0010073,null,11
C0221166,null,11
C0018813,null,11
C0554976,null,11
C0023903,null,11
C0232409,null,11
C0011581,null,10
C0235889,null,10
C0235761,null,10
C0522251,null,10
C0233401,null,10
C0020438,null,10
C0877098,null,10
C0877097,null,10
C0277890,null,10
C0027609,null,10
C0011633,null,10
C0024440,null,10
C0860207,null,10
C0400823,null,10
C0020429,null,10
C0235195,null,10
C0034013,null,10
C0042755,null,10
C0007867,null,10
C0600139,null,10
C0024137,null,10
C0311394,null,10
C0542008,null,10
C0553713,null,10
C0521509,null,10
C0392702,null,10
C0023211,null,10
C0001430,null,10
C0853117,null,10
C0860239,null,10
C0948008,null,10
C0231837,null,10
C0015927,null,10
C1306577,null,10
C0019147,null,10
C0006152,null,10
C0018916,null,10
C0241060,null,10
C0877046,null,10
C0235890,null,10
C0549356,null,10
C0241157,null,10
C0235966,null,10
C0271298,null,10
C0849918,null,10
C0079102,null,10
C0349231,null,10
C0549385,null,10
C0151311,null,10
C0235295,null,10
C0847033,null,10
C0026838,null,10
C0040434,null,10
C0948294,null,10
C0221742,null,10
C0343886,null,10
C0040517,null,10
C0030319,null,10
C0235939,null,10
C0233795,null,10
C1610069,null,10
C0242461,null,10
C0010414,null,10
C0004998,null,10
C0037286,null,10
C0877303,null,10
C0019156,null,10
C0239935,null,10
C0021099,null,10
C0015695,null,10
C0018784,null,10
C0034067,null,10
C2586050,null,10
C0240717,null,10
C0022890,null,10
C0494559,null,10
C0221714,null,10
C0242698,null,10
C0152115,null,10
C0155365,null,10
C0149937,null,10
C0595879,null,10
C0085393,null,10
C0151854,null,10
C0042376,null,10
C0005818,null,10
C0011860,null,10
C0860864,null,10
C0427457,null,10
C0149744,null,10
C0085077,null,10
C0013985,null,10
C0234535,null,10
C0029163,null,10
C0085684,null,10
C1142011,null,10
C0270810,null,10
C0232841,null,10
C0009144,null,10
C0541919,null,10
C0521465,null,10
C0020678,null,9
C0267940,null,9
C0851976,null,9
C0852192,null,9
C0155320,null,9
C0162323,null,9
C0036220,null,9
C0033038,null,9
C0003635,null,9
C0007193,null,9
C0812387,null,9
C0235893,null,9
C0232208,null,9
C0037052,null,9
C0424448,null,9
C0700075,null,9
C0243065,null,9
C0555120,null,9
C0740409,null,9
C0341742,null,9
C0151885,null,9
C1168034,null,9
C0151683,null,9
C0231749,null,9
C0004930,null,9
C0522178,null,9
C0020255,null,9
C0232943,null,9
C0694536,null,9
C0029191,null,9
C0347950,null,9
C0003621,null,9
C0021364,null,9
C1963818,null,9
C0241426,null,9
C0162848,null,9
C0520806,null,9
C0000786,null,9
C1994994,null,9
C0241742,null,9
C0520962,null,9
C0001973,null,9
C0392684,null,9
C0234967,null,9
C0237326,null,9
C0949059,null,9
C0009376,null,9
C0236048,null,9
C0035304,null,9
C0011127,null,9
C0455204,null,9
C0241379,null,9
C1527411,null,9
C0019557,null,9
C0854069,null,9
C0001418,null,9
C0596170,null,9
C0043049,null,9
C0241357,null,9
C0542101,null,9
C0014863,null,9
C0221345,null,9
C1167791,null,9
C0020564,null,9
C0541941,null,9
C0948441,null,9
C0239937,null,9
C0005745,null,9
C3267047,null,9
C0427055,null,9
C0259768,null,9
C2939447,null,9
C0010072,null,9
C0235955,null,9
C2711248,null,9
C0392618,null,9
C0853348,null,9
C0027430,null,9
C0149512,null,9
C0221392,null,9
C3248383,null,9
C0041909,null,9
C0546959,null,9
C1280433,null,9
C0235467,null,9
C0024103,null,9
C0600125,null,9
C0155305,null,9
C0235453,null,9
C0013928,null,9
C0040136,null,9
C0026764,null,9
C0521987,null,9
C0521498,null,9
C0235238,null,9
C0007860,null,9
C0853748,null,9
C0948692,null,9
C0006846,null,9
C0085819,null,9
C0853336,null,9
C0580413,null,9
C0010034,null,9
C0854097,null,9
C0235293,null,9
C0001416,null,9
C0239375,null,9
C0085618,null,9
C0851536,null,8
C0231274,null,8
C0022672,null,8
C0085617,null,8
C0018924,null,8
C0085639,null,8
C0241166,null,8
C0011974,null,8
C0240515,null,8
C0428886,null,8
C0158350,null,8
C0577115,null,8
C0235318,null,8
C0269189,null,8
C0034212,null,8
C0162311,null,8
C0003507,null,8
C0085136,null,8
C0011848,null,8
C0151882,null,8
C0030517,null,8
C0010823,null,8
C0340279,null,8
C0242973,null,8
C0151810,null,8
C2717961,null,8
C0234936,null,8
C0860210,null,8
C0919671,null,8
C0085679,null,8
C0391870,null,8
C0024225,null,8
C0152021,null,8
C0857807,null,8
C0392703,null,8
C0037188,null,8
C0877232,null,8
C0008372,null,8
C0002064,null,8
C0542165,null,8
C0158570,null,8
C0034951,null,8
C0004691,null,8
C0339293,null,8
C0857121,null,8
C0151625,null,8
C0020624,null,8
C0030469,null,8
C0863084,null,8
C0019559,null,8
C0221717,null,8
C0241164,null,8
C0424489,null,8
C0702266,null,8
C0020877,null,8
C0473237,null,8
C0013238,null,8
C0011880,null,8
C0451641,null,8
C1263846,null,8
C0156394,null,8
C0235620,null,8
C0038354,null,8
C0018979,null,8
C0429029,null,8
C0920102,null,8
C1510471,null,8
C1579838,null,8
C0020175,null,8
C0014848,null,8
C1167779,null,8
C0221232,null,8
C0600104,null,8
C0026975,null,8
C1112443,null,8
C0040259,null,8
C0857257,null,8
C0235339,null,8
C0028778,null,8
C0042131,null,8
C0522067,null,8
C0016397,null,8
C0151795,null,8
C0333243,null,8
C1262064,null,8
C0403673,null,8
C0234146,null,8
C0011644,null,8
C0162283,null,8
C0151565,null,8
C0240035,null,8
C0042721,null,8
C0151623,null,8
C0001126,null,8
C0520463,null,8
C0549336,null,8
C0558368,null,8
C0549310,null,8
C0560024,null,8
C1141930,null,8
C0701836,null,8
C0023798,null,8
C0206504,null,8
C0346156,null,8
C0024523,null,8
C0206160,null,8
C1735601,null,8
C0574002,null,8
C0001364,null,8
C0151613,null,8
C0242172,null,8
C0520459,null,8
C0012817,null,8
C0025162,null,8
C0854114,null,8
C0232333,null,8
C0857093,null,8
C0151544,null,8
C0740399,null,8
C0032787,null,8
C0031345,null,8
C0019937,null,7
C0278016,null,7
C0239940,null,7
C0877365,null,7
C0235398,null,7
C0019829,null,7
C0151477,null,7
C0151955,null,7
C0241729,null,7
C0235369,null,7
C0018133,null,7
C0151911,null,7
C0018798,null,7
C0023470,null,7
C0034530,null,7
C0035333,null,7
C0852711,null,7
C0577822,null,7
C0520886,null,7
C0018818,null,7
C0014553,null,7
C0221152,null,7
C0009759,null,7
C0026976,null,7
C0235074,null,7
C0027709,null,7
C1739363,null,7
C0854113,null,7
C0847631,null,7
C0948281,null,7
C0231441,null,7
C0151765,null,7
C0312422,null,7
C1868752,null,7
C0877225,null,7
C0476327,null,7
C0015624,null,7
C0455769,null,7
C0262576,null,7
C0085580,null,7
C0236053,null,7
C0042847,null,7
C2010560,null,7
C0022603,null,7
C0002963,null,7
C0027543,null,7
C0423273,null,7
C0042909,null,7
C0152081,null,7
C0085298,null,7
C0151718,null,7
C0853141,null,7
C0042165,null,7
C0919714,null,7
C0221333,null,7
C0236124,null,7
C0019048,null,7
C0343084,null,7
C0740304,null,7
C0020502,null,7
C0399459,null,7
C2363980,null,7
C0858814,null,7
C0275524,null,7
C1565662,null,7
C0001127,null,7
C0016512,null,7
C0085271,null,7
C0242225,null,7
C0277585,null,7
C0852361,null,7
C0853089,null,7
C0234533,null,7
C0220983,null,7
C0235546,null,7
C0151951,null,7
C0239113,null,7
C1142520,null,7
C0024528,null,7
C0020757,null,7
C0017563,null,7
C0376286,null,7
C0852795,null,7
C0162533,null,7
C0541900,null,7
C0438716,null,7
C0854303,null,7
C0002880,null,7
C0032226,null,7
C0343387,null,7
C0152020,null,7
C0006118,null,7
C0344375,null,7
C0948226,null,7
C0730362,null,7
C0040213,null,7
C0392548,null,7
C0456677,null,7
C0520559,null,7
C0086692,null,7
C0694563,null,7
C3251821,null,7
C0035302,null,7
C0277885,null,7
C0271321,null,7
C0236083,null,7
C0852995,null,7
C1961112,null,7
C0699885,null,7
C0423281,null,7
C0020522,null,7
C0521505,null,7
C0151738,null,7
C0155919,null,7
C0596240,null,7
C0037929,null,7
C0016169,null,7
C0022667,null,7
C0019212,null,7
C0750857,null,7
C0007869,null,7
C0151689,null,7
C0015930,null,7
C0042143,null,7
C0743668,null,7
C0040584,null,7
C0027343,null,7
C0025209,null,7
C0016167,null,7
C0747256,null,7
C0221245,null,7
C0162275,null,7
C0220994,null,6
C0031133,null,6
C0151563,null,6
C0014179,null,6
C0853746,null,6
C0023473,null,6
C0023223,null,6
C0085576,null,6
C0750194,null,6
C0020459,null,6
C0750197,null,6
C0020635,null,6
C0014852,null,6
C0042063,null,6
C0149520,null,6
C0400821,null,6
C0153676,null,6
C0001403,null,6
C0740411,null,6
C0853946,null,6
C0038273,null,6
C0877144,null,6
C0086981,null,6
C0853891,null,6
C0877035,null,6
C0033778,null,6
C0156369,null,6
C0919582,null,6
C0019243,null,6
C0235592,null,6
C0475765,null,6
C0857494,null,6
C0679048,null,6
C0238844,null,6
C0263540,null,6
C0012691,null,6
C0521508,null,6
C2242621,null,6
C0019064,null,6
C0154833,null,6
C0036749,null,6
C0024228,null,6
C0341439,null,6
C0334044,null,6
C0376545,null,6
C0152010,null,6
C0151811,null,6
C0376356,null,6
C0008925,null,6
C0019065,null,6
C0853750,null,6
C0860433,null,6
C0221021,null,6
C0267033,null,6
C0267028,null,6
C0042996,null,6
C0016479,null,6
C0409497,null,6
C0542313,null,6
C0235522,null,6
C0235218,null,6
C0278008,null,6
C0021092,null,6
C0700594,null,6
C0038238,null,6
C0476414,null,6
C0221161,null,6
C0006272,null,6
C0813230,null,6
C0270612,null,6
C0348801,null,6
C0858794,null,6
C0877096,null,6
C0155862,null,6
C0042994,null,6
C0274702,null,6
C0023449,null,6
C0859062,null,6
C1260926,null,6
C0027962,null,6
C0026266,null,6
C0235283,null,6
C0151865,null,6
C1112182,null,6
C0259756,null,6
C0235746,null,6
C0750016,null,6
C0239093,null,6
C0009326,null,6
C0853945,null,6
C0542052,null,6
C0157733,null,6
C0423271,null,6
C0037928,null,6
C0242151,null,6
C0549419,null,6
C1611174,null,6
C0151767,null,6
C0151996,null,6
C0041671,null,6
C0151538,null,6
C0151737,null,6
C0156543,null,6
C0341164,null,6
C0028850,null,6
C0038045,null,6
C0231686,null,6
C1535950,null,6
C0159060,null,6
C0520758,null,6
C0151966,null,6
C1610049,null,6
C0549389,null,6
C0423729,null,6
C1963921,null,6
C0151310,null,6
C1112366,null,6
C0038941,null,6
C0276680,null,6
C1688637,null,6
C0264267,null,6
C0403723,null,6
C0014118,null,6
C0410256,null,6
C0268732,null,6
C0241558,null,6
C0595885,null,6
C1112369,null,6
C0032541,null,6
C0041981,null,6
C0278045,null,6
C1328539,null,6
C0085594,null,6
C1458140,null,6
C0026393,null,6
C0424813,null,6
C0878773,null,6
C0236106,null,6
C0004153,null,6
C0022602,null,6
C0398370,null,6
C0541923,null,6
C0149707,null,6
C0546956,null,6
C0475746,null,6
C0234925,null,6
C0259817,null,6
C0920166,null,6
C0085619,null,6
C0277589,null,6
C0240925,null,6
C2349423,null,6
C0262977,null,6
C0858833,null,6
C0747979,null,6
C0005743,null,6
C0009024,null,6
C0235511,null,6
C2609183,null,6
C0546947,null,6
C0549225,null,6
C0013363,null,6
C0426636,null,6
C0020540,null,6
C0003028,null,6
C0221384,null,6
C1168174,null,6
C0376297,null,6
C3203457,null,6
C0853711,null,5
C0877398,null,5
C1096460,null,5
C0233796,null,5
C0162823,null,5
C0857245,null,5
C0235248,null,5
C0013369,null,5
C0016470,null,5
C0151661,null,5
C0241669,null,5
C0236018,null,5
C0235827,null,5
C0005683,null,5
C0919625,null,5
C0949070,null,5
C0235162,null,5
C0521616,null,5
C0042485,null,5
C0037578,null,5
C0013221,null,5
C1956415,null,5
C0852909,null,5
C0521634,null,5
C0149801,null,5
C0949103,null,5
C0549343,null,5
C0235013,null,5
C0021831,null,5
C0410198,null,5
C0151467,null,5
C1096278,null,5
C0007758,null,5
C0235524,null,5
C0858765,null,5
C0919659,null,5
C0159056,null,5
C0341245,null,5
C0030583,null,5
C0151580,null,5
C0549297,null,5
C0542149,null,5
C0860499,null,5
C0016579,null,5
C0544618,null,5
C0235097,null,5
C0002624,null,5
C0220650,null,5
C0849916,null,5
C1112353,null,5
C0152008,null,5
C0863090,null,5
C1535849,null,5
C0013473,null,5
C0152965,null,5
C0877211,null,5
C0422974,null,5
C0033578,null,5
C0042749,null,5
C0221773,null,5
C1328540,null,5
C0002902,null,5
C0476427,null,5
C0014867,null,5
C1704212,null,5
C0014583,null,5
C0015802,null,5
C0406317,null,5
C0009492,null,5
C1141938,null,5
C0220982,null,5
C0027627,null,5
C1504422,null,5
C0027145,null,5
C0021361,null,5
C0032788,null,5
C0015395,null,5
C0234222,null,5
C0221395,null,5
C0235706,null,5
C1262760,null,5
C0266998,null,5
C0004763,null,5
C0079731,null,5
C0877047,null,5
C0494165,null,5
C0007102,null,5
C1142015,null,5
C0740858,null,5
C0235360,null,5
C0151821,null,5
C0232452,null,5
C0235194,null,5
C0151622,null,5
C0031037,null,5
C1527336,null,5
C0221069,null,5
C2939427,null,5
C0750876,null,5
C1261473,null,5
C1384494,null,5
C0233469,null,5
C0241266,null,5
C0151464,null,5
C0032000,null,5
C1096717,null,5
C1263960,null,5
C0036202,null,5
C0740852,null,5
C0206063,null,5
C0025958,null,5
C0742906,null,5
C0747102,null,5
C0948715,null,5
C0851444,null,5
C1142028,null,5
C0032300,null,5
C2609264,null,5
C0235527,null,5
C0850569,null,5
C0004601,null,5
C0006107,null,5
C0025281,null,5
C0014733,null,5
C0744403,null,5
C0149756,null,5
C0151598,null,5
C0235002,null,5
C0239233,null,5
C0549259,null,5
C0848309,null,5
C1959622,null,5
C0158252,null,5
C0030922,null,5
C0014431,null,5
C0038218,null,5
C0003834,null,5
C0025007,null,5
C0031036,null,5
C0034935,null,5
C1096340,null,5
C0877042,null,5
C3665596,null,5
C0233479,null,5
C0877167,null,5
C0438173,null,5
C0235433,null,5
C0267941,null,5
C0438167,null,5
C0003079,null,5
C0007868,null,5
C0151898,null,5
C0403639,null,5
C0008313,null,5
C0023532,null,5
C0333516,null,5
C1096403,null,5
C0242979,null,5
C0040156,null,5
C0859996,null,5
C0860645,null,5
C0151463,null,5
C1306889,null,5
C2243080,null,5
C0005697,null,5
C0948695,null,5
C0151730,null,5
C0740482,null,5
C0038534,null,5
C0877048,null,5
C0427458,null,5
C0034933,null,5
C0858589,null,5
C0700363,null,5
C0013274,null,5
C0302314,null,5
C0861157,null,5
C2364164,null,5
C0035085,null,5
C0085653,null,5
C0151628,null,5
C0151281,null,5
C0015645,null,5
C0235344,null,5
C0016412,null,5
C0007780,null,5
C0541947,null,5
C0221727,null,5
C0000727,null,5
C0333291,null,5
C0233523,null,5
C0854381,null,5
C0003564,null,5
C0392620,null,5
C0267566,null,5
C2062908,null,5
C0521991,null,5
C0522351,null,5
C0277794,null,5
C3665444,null,5
C0860801,null,5
C0003868,null,5
C0035344,null,5
C0238124,null,5
C0085166,null,5
C0580493,null,5
C0860901,null,5
C0700031,null,5
C0521170,null,5
C0877609,null,5
C0034634,null,5
C0341212,null,5
C0011882,null,5
C0151814,null,5
C1096106,null,5
C0857189,null,5
C0013418,null,5
C0877306,null,5
C0859350,null,5
C1112274,null,5
C0040127,null,5
C0852792,null,5
C1140716,null,5
C0235055,null,5
C0234230,null,5
C0856150,null,5
C0032001,null,5
C0001349,null,4
C0302810,null,4
C0743323,null,4
C1328308,null,4
C0233746,null,4
C0079027,null,4
C0858708,null,4
C0595882,null,4
C0020626,null,4
C0003130,null,4
C0521501,null,4
C0151595,null,4
C0235735,null,4
C0264907,null,4
C0040247,null,4
C0240204,null,4
C0270629,null,4
C0426747,null,4
C0854679,null,4
C2004435,null,4
C1096267,null,4
C1611167,null,4
C0521464,null,4
C0269268,null,4
C0405479,null,4
C0003838,null,4
C0238201,null,4
C0854375,null,4
C0281913,null,4
C3160769,null,4
C0855625,null,4
C0151685,null,4
C0702109,null,4
C0920108,null,4
C0264995,null,4
C0948299,null,4
C0042135,null,4
C0022572,null,4
C1096034,null,4
C1096091,null,4
C0271240,null,4
C0856088,null,4
C1142111,null,4
C0520904,null,4
C0235287,null,4
C0243010,null,4
C0524909,null,4
C0280100,null,4
C0002726,null,4
C0458219,null,4
C0948070,null,4
C0858217,null,4
C0520532,null,4
C0344432,null,4
C0235004,null,4
C0948484,null,4
C0040997,null,4
C1321581,null,4
C0853890,null,4
C1142335,null,4
C0024121,null,4
C0856049,null,4
C3241936,null,4
C0948429,null,4
C0026825,null,4
C0040210,null,4
C0041974,null,4
C0020683,null,4
C0019159,null,4
C1168188,null,4
C0027868,null,4
C1704373,null,4
C0023434,null,4
C0271899,null,4
C0013240,null,4
C1868912,null,4
C0235222,null,4
C0238033,null,4
C0031048,null,4
C0424741,null,4
C2720436,null,4
C0221244,null,4
C0948050,null,4
C0278151,null,4
C0857980,null,4
C0151490,null,4
C0234953,null,4
C0221745,null,4
C0741307,null,4
C1167945,null,4
C0233973,null,4
C0235129,null,4
C0521845,null,4
C0522061,null,4
C0015934,null,4
C0274435,null,4
C3495917,null,4
C0542224,null,4
C0003860,null,4
C0178416,null,4
C0393444,null,4
C0242453,null,4
C0042798,null,4
C0562057,null,4
C0919569,null,4
C0151468,null,4
C0038395,null,4
C0549288,null,4
C0085083,null,4
C0241618,null,4
C0240291,null,4
C1704381,null,4
C0948168,null,4
C0042251,null,4
C0855652,null,4
C0004030,null,4
C0013927,null,4
C0269842,null,4
C0410916,null,4
C0272426,null,4
C0549346,null,4
C0281825,null,4
C0272774,null,4
C0005959,null,4
C0015806,null,4
C0027531,null,4
C0035522,null,4
C0235196,null,4
C0235919,null,4
C0239725,null,4
C0242362,null,4
C0435001,null,4
C0549453,null,4
C0729552,null,4
C0587054,null,4
C0022951,null,4
C0857576,null,4
C0232808,null,4
C0342405,null,4
C0085582,null,4
C0005694,null,4
C0154946,null,4
C0022593,null,4
C0857370,null,4
C0020541,null,4
C0001361,null,4
C0007933,null,4
C0023801,null,4
C0037997,null,4
C0235906,null,4
C0856880,null,4
C0235353,null,4
C0011649,null,4
C0344304,null,4
C0005695,null,4
C0184567,null,4
C0549452,null,4
C0919599,null,4
C0740401,null,4
C0014745,null,4
C0033844,null,4
C0853074,null,4
C0002395,null,4
C0042130,null,4
C0240066,null,4
C0919883,null,4
C0849796,null,4
C0751495,null,4
C0948521,null,4
C0162296,null,4
C1142160,null,4
C0541879,null,4
C0037301,null,4
C0235472,null,4
C0003486,null,4
C0040137,null,4
C1112256,null,4
C0730328,null,4
C0151541,null,4
C0339383,null,4
C0857256,null,4
C0405580,null,4
C0235299,null,4
C0235560,null,4
C0948786,null,4
C1735864,null,4
C0221406,null,4
C0019189,null,4
C0877127,null,4
C0079035,null,4
C1696574,null,4
C0007855,null,4
C0015929,null,4
C0239521,null,4
C0600327,null,4
C0024050,null,4
C0085642,null,4
C0264490,null,4
C1535975,null,4
C1096646,null,4
C0852875,null,4
C0860434,null,4
C0549478,null,4
C0017567,null,4
C0041667,null,4
C0234373,null,4
C0427160,null,4
C0037998,null,4
C0032987,null,4
C0853662,null,4
C1301937,null,4
C0035067,null,4
C0234376,null,4
C0231666,null,4
C0034072,null,4
C0232352,null,4
C0338591,null,4
C0011057,null,4
C0269002,null,4
C1852242,null,4
C2242711,null,4
C0851664,null,4
C0239293,null,4
C0206669,null,4
C0541760,null,4
C0553668,null,4
C0410959,null,4
C0221264,null,4
C2364082,null,4
C0574741,null,4
C0040797,null,4
C0853326,null,4
C1096243,null,4
C0085082,null,4
C0235329,null,4
C0037926,null,4
C0009062,null,4
C0553723,null,4
C0271412,null,4
C0267380,null,4
C0600041,null,4
C0021313,null,4
C0022665,null,4
C0151588,null,4
C0553698,null,4
C0751900,null,4
C0520540,null,4
C0037268,null,4
C0558148,null,4
C0234918,null,4
C0236171,null,4
C0877690,null,4
C0858970,null,4
C0018129,null,4
C0273482,null,4
C0027719,null,4
C0037089,null,4
C0026884,null,4
C0235050,null,4
C1444565,null,4
C0235988,null,4
C0234144,null,4
C0853785,null,4
C0270795,null,4
C0040262,null,4
C0151500,null,4
C0030824,null,4
C0025322,null,4
C0549124,null,4
C1739418,null,4
C0004331,null,4
C0027960,null,4
C0428908,null,4
C2242583,null,4
C0221155,null,4
C0035400,null,4
C0231688,null,4
C0264714,null,4
C0027125,null,4
C0006271,null,4
C0015408,null,4
C0040414,null,4
C0852925,null,4
C0239946,null,4
C0852336,null,4
C0155177,null,4
C0151585,null,4
C0151669,null,4
C0151726,null,4
C0555971,null,4
C0580417,null,4
C1608954,null,4
C0151729,null,4
C1262535,null,4
C0231230,null,4
C0587246,null,4
C0522035,null,4
C0857361,null,4
C0036529,null,4
C0043092,null,4
C0521172,null,4
C0332579,null,4
C0241005,null,4
C0020579,null,4
C0268948,null,4
C0020492,null,4
C0032519,null,4
C0151702,null,4
C0740319,null,4
C0233844,null,4
C0021345,null,4
C0522570,null,4
C0521503,null,4
C0017411,null,4
C0034734,null,3
C0857073,null,3
C0264383,null,3
C0149678,null,3
C0024248,null,3
C0267716,null,3
C0392106,null,3
C0265935,null,3
C3203356,null,3
C0270790,null,3
C1333984,null,3
C1696946,null,3
C0855335,null,3
C0034372,null,3
C1142172,null,3
C0022680,null,3
C0740380,null,3
C0038353,null,3
C0948023,null,3
C0020964,null,3
C0026640,null,3
C0029560,null,3
C0040558,null,3
C0239343,null,3
C0240972,null,3
C0333494,null,3
C0342892,null,3
C0856053,null,3
C2243088,null,3
C0858775,null,3
C0391839,null,3
C0151788,null,3
C0332573,null,3
C0740481,null,3
C1610056,null,3
C0857177,null,3
C0267516,null,3
C0751564,null,3
C0085655,null,3
C0020617,null,3
C0271308,null,3
C0595938,null,3
C0151586,null,3
C0746731,null,3
C0851362,null,3
C0857172,null,3
C0240464,null,3
C2712871,null,3
C0853960,null,3
C0424323,null,3
C0001816,null,3
C0028817,null,3
C0029400,null,3
C0231875,null,3
C0860564,null,3
C1112625,null,3
C1859270,null,3
C2721737,null,3
C0221252,null,3
C0221260,null,3
C0263445,null,3
C0263634,null,3
C0919591,null,3
C0014358,null,3
C0001969,null,3
C0242420,null,3
C0239816,null,3
C0853800,null,3
C0522171,null,3
C3267206,null,3
C0684550,null,3
C0857984,null,3
C0948992,null,3
C0423847,null,3
C1112436,null,3
C1735348,null,3
C0267055,null,3
C0014034,null,3
C0748318,null,3
C0151476,null,3
C0267465,null,3
C0000932,null,3
C0233651,null,3
C0239729,null,3
C0271468,null,3
C0751249,null,3
C1096444,null,3
C0853023,null,3
C0080179,null,3
C0162292,null,3
C0011884,null,3
C0748536,null,3
C0343026,null,3
C0852566,null,3
C0159066,null,3
C0877126,null,3
C1096001,null,3
C0541831,null,3
C0438237,null,3
C0026769,null,3
C0263383,null,3
C1142357,null,3
C0554309,null,3
C1328332,null,3
C0019357,null,3
C0030286,null,3
C0877154,null,3
C0234162,null,3
C0038379,null,3
C0595902,null,3
C0240897,null,3
C0854717,null,3
C0235095,null,3
C0521481,null,3
C0948824,null,3
C1262109,null,3
C1698400,null,3
C0021933,null,3
C0241910,null,3
C0015409,null,3
C0426584,null,3
C0232693,null,3
C0236078,null,3
C0034931,null,3
C0030326,null,3
C0342257,null,3
C1096506,null,3
C1696943,null,3
C0857122,null,3
C0235744,null,3
C0424332,null,3
C0035435,null,3
C0006430,null,3
C0549444,null,3
C0007384,null,3
C0456511,null,3
C0858598,null,3
C1096049,null,3
C0919882,null,3
C0549445,null,3
C0158328,null,3
C0520863,null,3
C0853118,null,3
C0948779,null,3
C1142349,null,3
C0235396,null,3
C0022353,null,3
C0549400,null,3
C1696110,null,3
C0149726,null,3
C0267373,null,3
C0235496,null,3
C0854121,null,3
C0751711,null,3
C0740330,null,3
C0149526,null,3
C0152171,null,3
C0853698,null,3
C0578687,null,3
C0376175,null,3
C0853008,null,3
C0085436,null,3
C0004626,null,3
C0235957,null,3
C0206178,null,3
C0278488,null,3
C0235532,null,3
C0020532,null,3
C0221470,null,3
C0877094,null,3
C0936215,null,3
C0011304,null,3
C0000772,null,3
C0034124,null,3
C0423636,null,3
C0232570,null,3
C0232124,null,3
C0857153,null,3
C0858924,null,3
C0266813,null,3
C0151472,null,3
C0920184,null,3
C0241254,null,3
C0032529,null,3
C0151618,null,3
C0008039,null,3
C0032768,null,3
C1135120,null,3
C0152154,null,3
C0278107,null,3
C0549369,null,3
C1258192,null,3
C0085577,null,3
C0281773,null,3
C0042138,null,3
C0150055,null,3
C0010032,null,3
C0262593,null,3
C0340515,null,3
C0524662,null,3
C0010068,null,3
C0153567,null,3
C1536459,null,3
C0014804,null,3
C0239513,null,3
C0521158,null,3
C0239062,null,3
C0004158,null,3
C0014858,null,3
C0023976,null,3
C0234952,null,3
C0522336,null,3
C0496901,null,3
C0863079,null,3
C0038732,null,3
C0239779,null,3
C0042900,null,3
C1112470,null,3
C0857322,null,3
C0006112,null,3
C0849925,null,3
C0031538,null,3
C0156308,null,3
C0007134,null,3
C0027022,null,3
C0162279,null,3
C0152063,null,3
C0235723,null,3
C0151465,null,3
C0234935,null,3
C0392196,null,3
C1328375,null,3
C0438235,null,3
C0497364,null,3
C0027822,null,3
C0025193,null,3
C2004521,null,3
C2939094,null,3
C0264909,null,3
C0392674,null,3
C0853068,null,3
C0034194,null,3
C0019123,null,3
C0948643,null,3
C0085652,null,3
C0578455,null,3
C0348024,null,3
C0006413,null,3
C0018811,null,3
C0032797,null,3
C1736186,null,3
C0159321,null,3
C0425481,null,3
C0577730,null,3
C0549374,null,3
C0549391,null,3
C0235653,null,3
C0003044,null,3
C0007078,null,3
C0017551,null,3
C0036439,null,3
C0040436,null,3
C0240802,null,3
C0276141,null,3
C0520878,null,3
C0574960,null,3
C0748726,null,3
C0852932,null,3
C0235229,null,3
C1536696,null,3
C0859023,null,3
C0162565,null,3
C0853084,null,3
C0232831,null,3
C0043167,null,3
C0149523,null,3
C0036916,null,3
C1096668,null,3
C1141893,null,3
C1737224,null,3
C0262578,null,3
C0333472,null,3
C0151629,null,3
C0853226,null,3
C0863129,null,3
C1096282,null,3
C0235324,null,3
C0858667,null,3
C1290864,null,3
C0020457,null,3
C0008449,null,3
C0015726,null,3
C0039235,null,3
C0232097,null,3
C0151919,null,3
C0541819,null,3
C1868980,null,3
C0349398,null,3
C0235395,null,3
C0030508,null,3
C0541887,null,3
C0034074,null,3
C0150077,null,3
C1527348,null,3
C0235093,null,3
C0877664,null,3
C0849913,null,3
C0857493,null,3
C0235819,null,3
C0235822,null,3
C0030354,null,3
C0031157,null,3
C0032371,null,3
C0684275,null,3
C0740651,null,3
C0014488,null,3
C1542178,null,3
C0014860,null,3
C0740299,null,3
C0006144,null,3
C0158775,null,3
C0042928,null,3
C0235821,null,3
C0235960,null,3
C0338480,null,3
C0409962,null,3
C1956089,null,3
C1282609,null,3
C0857483,null,3
C0151589,null,3
C0521492,null,3
C1739422,null,3
C0236151,null,3
C0853926,null,3
C1253936,null,3
C0920193,null,3
C0017665,null,3
C0863083,null,3
C0857051,null,3
C0018839,null,3
C0162423,null,3
C0007766,null,3
C0008728,null,3
C0521161,null,3
C0435630,null,3
C0019284,null,3
C0344357,null,3
C0877095,null,3
C0003855,null,3
C0035321,null,3
C0005686,null,3
C0029429,null,3
C1692886,null,3
C0553731,null,3
C0854107,null,3
C0032019,null,3
C0035326,null,3
C1142080,null,3
C2718128,null,3
C0428895,null,3
C0024032,null,3
C0856808,null,3
C0028840,null,3
C0028841,null,3
C0152006,null,3
C0423282,null,3
C0859229,null,3
C1608950,null,3
C0860453,null,3
C0019187,null,3
C0085786,null,3
C0852879,null,3
C0423757,null,3
C0549634,null,3
C0520477,null,3
C0001546,null,3
C0541881,null,3
C0277889,null,3
C1963822,null,3
C0281963,null,3
C0877104,null,3
C1704437,null,3
C0263591,null,3
C0458104,null,3
C0235296,null,3
C0234665,null,3
C0003892,null,3
C0919643,null,3
C1960509,null,3
C0426649,null,3
C0857983,null,3
C0037320,null,3
C0271429,null,3
C0424024,null,3
C0857332,null,3
C0236080,null,3
C0853879,null,3
C0155002,null,3
C0853959,null,3
C0235678,null,3
C1096458,null,3
C0856120,null,3
C0852922,null,3
C0221780,null,3
C0034887,null,3
C0030925,null,3
C1456865,null,3
C0239842,null,3
C0410918,null,3
C0269596,null,3
C0013080,null,3
C0241950,null,3
C0266589,null,3
C1142498,null,3
C0521160,null,3
C0232191,null,3
C0349410,null,3
C0422980,null,3
C0153251,null,3
C0005967,null,3
C0852679,null,3
C0012254,null,3
C0238621,null,3
C0341702,null,3
C0007773,null,3
C0877014,null,3
C0521654,null,3
C0238154,null,3
C0236141,null,3
C0013592,null,3
C1274926,null,3
C1735368,null,3
C1412002,null,3
C1096543,null,3
C0234655,null,3
C1561643,null,3
C0033817,null,3
C0235573,null,3
C0159039,null,2
C0024138,null,2
C0232940,null,2
C0235946,null,2
C0026987,null,2
C0010278,null,2
C0149887,null,2
C0740469,null,2
C0853776,null,2
C0020581,null,2
C2609176,null,2
C0282074,null,2
C0268379,null,2
C0270697,null,2
C0235014,null,2
C0524620,null,2
C1963943,null,2
C0542127,null,2
C0239511,null,2
C0002103,null,2
C0015523,null,2
C0036093,null,2
C0043046,null,2
C0205875,null,2
C0221032,null,2
C0277577,null,2
C0543392,null,2
C2939130,null,2
C0277525,null,2
C0854134,null,2
C0003504,null,2
C0004659,null,2
C0010054,null,2
C0027721,null,2
C0079487,null,2
C0149778,null,2
C0852977,null,2
C0919894,null,2
C0027858,null,2
C0158026,null,2
C0235851,null,2
C0238198,null,2
C0263912,null,2
C0496899,null,2
C0014511,null,2
C0425946,null,2
C0855304,null,2
C0005424,null,2
C0221047,null,2
C0853942,null,2
C1696685,null,2
C0424810,null,2
C0341163,null,2
C0231592,null,2
C0549234,null,2
C0856133,null,2
C0000814,null,2
C0236663,null,2
C0948396,null,2
C0042740,null,2
C0021564,null,2
C0267356,null,2
C0520594,null,2
C0563238,null,2
C0854425,null,2
C0085694,null,2
C0240449,null,2
C0853958,null,2
C0021807,null,2
C0522348,null,2
C0003869,null,2
C0205990,null,2
C0277919,null,2
C0558348,null,2
C0002896,null,2
C1306792,null,2
C0522245,null,2
C0751466,null,2
C0236073,null,2
C0520539,null,2
C1527340,null,2
C0749249,null,2
C0853087,null,2
C0007280,null,2
C1535948,null,2
C1608942,null,2
C0022410,null,2
C0151859,null,2
C0155118,null,2
C0340861,null,2
C0333650,null,2
C0032827,null,2
C0699790,null,2
C0032463,null,2
C0424740,null,2
C0006905,null,2
C0018995,null,2
C0026265,null,2
C0239211,null,2
C0266648,null,2
C0016325,null,2
C0855331,null,2
C0425492,null,2
C2939062,null,2
C0393759,null,2
C0683369,null,2
C0859253,null,2
C0542215,null,2
C1609538,null,2
C0235338,null,2
C0235018,null,2
C0581879,null,2
C0919593,null,2
C0741453,null,2
C1269955,null,2
C0025286,null,2
C0151994,null,2
C0235649,null,2
C0542243,null,2
C0553737,null,2
C0566951,null,2
C0567085,null,2
C0522165,null,2
C0856825,null,2
C0867389,null,2
C0748052,null,2
C0277941,null,2
C0597457,null,2
C0520837,null,2
C0016542,null,2
C1096701,null,2
C1328395,null,2
C1393815,null,2
C1610622,null,2
C0920192,null,2
C0474444,null,2
C0026836,null,2
C0151569,null,2
C1112626,null,2
C0238304,null,2
C0423736,null,2
C2712122,null,2
C0235756,null,2
C2363829,null,2
C0153690,null,2
C0919560,null,2
C1112565,null,2
C0853644,null,2
C0856623,null,2
C0013608,null,2
C0392390,null,2
C2609199,null,2
C0162628,null,2
C0236993,null,2
C0032989,null,2
C0270327,null,2
C0947858,null,2
C0040588,null,2
C0235942,null,2
C0152427,null,2
C0038644,null,2
C0853021,null,2
C0003128,null,2
C0151945,null,2
C0238425,null,2
C0241028,null,2
C0241619,null,2
C0262666,null,2
C0428409,null,2
C0001621,null,2
C0429468,null,2
C0234943,null,2
C0267821,null,2
C0349782,null,2
C0851638,null,2
C0020510,null,2
C0344329,null,2
C1536075,null,2
C0016508,null,2
C0151815,null,2
C1306503,null,2
C0242459,null,2
C1168290,null,2
C0267853,null,2
C0017677,null,2
C1536052,null,2
C0231246,null,2
C0232288,null,2
C0233767,null,2
C0553690,null,2
C0580531,null,2
C0751901,null,2
C0851710,null,2
C3536794,null,2
C0332691,null,2
C0263338,null,2
C0232132,null,2
C1510475,null,2
C0240840,null,2
C0001511,null,2
C0235667,null,2
C0265110,null,2
C1142239,null,2
C3544214,null,2
C0004114,null,2
C0001818,null,2
C0002631,null,2
C0015944,null,2
C0023474,null,2
C0034012,null,2
C0877635,null,2
C0007196,null,2
C0459435,null,2
C0856069,null,2
C0031736,null,2
C0701824,null,2
C0400822,null,2
C0438243,null,2
C0031090,null,2
C1536055,null,2
C0027429,null,2
C0549239,null,2
C0854268,null,2
C0877203,null,2
C0020302,null,2
C0948288,null,2
C0035235,null,2
C0745528,null,2
C1621958,null,2
C0340613,null,2
C0849835,null,2
C1096257,null,2
C0700201,null,2
C0277799,null,2
C0549284,null,2
C2945586,null,2
C0410158,null,2
C0497209,null,2
C0240962,null,2
C0400839,null,2
C0574068,null,2
C0014122,null,2
C0026919,null,2
C0232115,null,2
C0242354,null,2
C0341335,null,2
C0877305,null,2
C1096691,null,2
C0920103,null,2
C0272753,null,2
C0581883,null,2
C0521620,null,2
C0273115,null,2
C0700078,null,2
C0858307,null,2
C1142072,null,2
C1609536,null,2
C0016722,null,2
C0233488,null,2
C0240811,null,2
C0476254,null,2
C0855237,null,2
C0877508,null,2
C0029574,null,2
C0005001,null,2
C0852928,null,2
C0035457,null,2
C0860155,null,2
C0877172,null,2
C1536220,null,2
C0520571,null,2
C0205707,null,2
C0021605,null,2
C0740457,null,2
C3160754,null,2
C0917805,null,2
C0919620,null,2
C0019069,null,2
C0740447,null,2
C0877314,null,2
C1282799,null,2
C0005699,null,2
C0856110,null,2
C0019322,null,2
C0017185,null,2
C0149793,null,2
C0265101,null,2
C0521516,null,2
C0854193,null,2
C0855247,null,2
C1527249,null,2
C2242575,null,2
C0332687,null,2
C0919600,null,2
C0234983,null,2
C0154933,null,2
C0332798,null,2
C0456495,null,2
C1112489,null,2
C1096176,null,2
C0919726,null,2
C1704431,null,2
C1142277,null,2
C0231529,null,2
C0349702,null,2
C0013528,null,2
C0015970,null,2
C0035579,null,2
C0155773,null,2
C0859037,null,2
C0151834,null,2
C0858899,null,2
C0919909,null,2
C0542237,null,2
C0151582,null,2
C0151891,null,2
C0454643,null,2
C0042065,null,2
C0233633,null,2
C0006267,null,2
C0151491,null,2
C0151790,null,2
C0178879,null,2
C0234975,null,2
C0852126,null,2
C0240521,null,2
C0677600,null,2
C0009952,null,2
C0158687,null,2
C0858603,null,2
C0236826,null,2
C0239234,null,2
C0265547,null,2
C0266011,null,2
C1619700,null,2
C2955673,null,2
C0006848,null,2
C0014059,null,2
C0024291,null,2
C0276226,null,2
C0392185,null,2
C0022541,null,2
C0562483,null,2
C0235880,null,2
C0236003,null,2
C0343263,null,2
C0235863,null,2
C0235575,null,2
C0267166,null,2
C0241075,null,2
C0877027,null,2
C0233818,null,2
C0426498,null,2
C0020162,null,2
C0005826,null,2
C0009193,null,2
C0037650,null,2
C0040441,null,2
C0429059,null,2
C0455899,null,2
C0520723,null,2
C0877217,null,2
C1384489,null,2
C0035460,null,2
C0679403,null,2
C0853347,null,2
C1698480,null,2
C0269993,null,2
C0003462,null,2
C0010308,null,2
C3160770,null,2
C0442856,null,2
C0031190,null,2
C0155709,null,2
C0155713,null,2
C0311220,null,2
C1142492,null,2
C0155616,null,2
C0233718,null,2
C0858357,null,2
C2609096,null,2
C3665418,null,2
C0728725,null,2
C2721559,null,2
C0429774,null,2
C0860711,null,2
C0281982,null,2
C0574770,null,2
C0549430,null,2
C0948300,null,2
C1384589,null,2
C2004491,null,2
C0151555,null,2
C0005681,null,2
C0858277,null,2
C1879328,null,2
C0277961,null,2
C0745091,null,2
C0311223,null,2
C0221271,null,2
C0149521,null,2
C0749389,null,2
C0029925,null,2
C0085074,null,2
C0401149,null,2
C0858581,null,2
C2747793,null,2
C2748540,null,2
C0877606,null,2
C1142300,null,2
C0262627,null,2
C1696157,null,2
C1142383,null,2
C0852967,null,2
C0010093,null,2
C1510412,null,2
C0018780,null,2
C0856136,null,2
C0876980,null,2
C0011432,null,2
C1141948,null,2
C0017572,null,2
C0235340,null,2
C0263978,null,2
C0282612,null,2
C0860851,null,2
C1096657,null,2
C1112346,null,2
C0851043,null,2
C0549398,null,2
C0595900,null,2
C2607947,null,2
C0242785,null,2
C0948856,null,2
C0151981,null,2
C0343495,null,2
C0948380,null,2
C1557335,null,2
C0152165,null,2
C0221158,null,2
C0948268,null,2
C1328411,null,2
C3665900,null,2
C0854029,null,2
C0860942,null,2
C1699201,null,2
C0376288,null,2
C0549293,null,2
C0034079,null,2
C0042548,null,2
C0857495,null,2
C0854725,null,2
C0242966,null,2
C0948815,null,2
C0549262,null,2
C0403447,null,2
C0750272,null,2
C0007095,null,2
C0043515,null,2
C2242595,null,2
C0858520,null,2
C1096311,null,2
C0428282,null,2
C0019342,null,2
C1112303,null,2
C0279637,null,2
C0272396,null,2
C0578050,null,2
C0749106,null,2
C1096393,null,2
C1096509,null,2
C0240520,null,2
C3495797,null,2
C0521510,null,2
C0013336,null,2
C0032266,null,2
C0032320,null,2
C0042961,null,2
C0239998,null,2
C0276684,null,2
C0030976,null,2
C0033953,null,2
C0267406,null,2
C0581394,null,2
C0853254,null,2
C2242577,null,2
C0743516,null,2
C0853595,null,2
C0235630,null,2
C0855644,null,2
C0728936,null,2
C0013312,null,2
C0038506,null,2
C0242770,null,2
C0948765,null,2
C0017668,null,2
C0034050,null,2
C0151489,null,2
C0432487,null,2
C0749923,null,2
C0079773,null,2
C0030299,null,2
C0349705,null,2
C0392034,null,2
C0700572,null,2
C0852173,null,2
C0852418,null,2
C0854331,null,2
C0858346,null,2
C0860603,null,2
C0936250,null,2
C0009663,null,2
C0011881,null,2
C0238463,null,2
C0023501,null,2
C0033931,null,2
C0700613,null,2
C0858854,null,2
C0742006,null,2
C0017650,null,2
C0026985,null,2
C0041972,null,2
C0232200,null,2
C0341177,null,2
C0428968,null,2
C0854448,null,2
C2937222,null,2
C0270729,null,2
C0857331,null,2
C0162627,null,2
C0031111,null,2
C0029221,null,2
C0858118,null,2
C0854212,null,2
C0155145,null,2
C0854165,null,2
C0035459,null,2
C0239833,null,2
C0426597,null,2
C0877089,null,2
C0232203,null,2
C0158369,null,2
C0014527,null,2
C0858600,null,2
C1535893,null,2
C1619727,null,2
C0542027,null,2
C0036679,null,2
C2747813,null,2
C0042880,null,2
C0151694,null,2
C0151574,null,2
C0542351,null,2
C0238656,null,2
C0240130,null,2
C0856864,null,2
C0239182,null,2
C0085693,null,2
C0151640,null,2
C0235552,null,2
C1112433,null,2
C0339961,null,2
C0040923,null,2
C0234939,null,2
C0158986,null,2
C0235839,null,2
C0270274,null,2
C0410919,null,2
C0456103,null,2
C0549395,null,2
C0854706,null,2
C1112613,null,2
C1285373,null,2
C0392160,null,2
C1504379,null,2
C0520547,null,2
C0853954,null,2
C0425449,null,2
C0919702,null,2
C0264956,null,2
C0520757,null,2
C0272285,null,2
C0549429,null,2
C1868809,null,2
C0541772,null,2
C0343166,null,2
C0221002,null,2
C0423226,null,2
C1142112,null,2
C0854438,null,2
C1536146,null,2
C1696701,null,2
C0278883,null,2
C0858751,null,2
C1695897,null,2
C0521540,null,2
C0860493,null,2
C0027404,null,2
C0018081,null,2
C0149866,null,2
C0877854,null,2
C0340952,null,2
C0857035,null,2
C0038013,null,2
C0221722,null,2
C0234962,null,2
C0235884,null,2
C0041466,null,2
C0519030,null,2
C0849907,null,2
C0595928,null,2
C0152002,null,2
C0857751,null,2
C0860700,null,2
C0860703,null,2
C1619733,null,2
C0566948,null,2
C0575805,null,2
C0877440,null,2
C0238242,null,2
C0919578,null,2
C2242708,null,2
C0235113,null,2
C0008909,null,2
C0424091,null,2
C0241832,null,2
C0221733,null,2
C0019655,null,2
C0877072,null,2
C0740471,null,2
C0438242,null,2
C0023487,null,2
C0427546,null,2
C0858867,null,2
C0034561,null,2
C0149504,null,2
C1527330,null,2
C0085625,null,2
C3544094,null,2
C1096448,null,2
C0240564,null,2
C0423285,null,2
C0861148,null,2
C0857386,null,2
C0311277,null,2
C0012241,null,2
C0023055,null,2
C0948002,null,2
C0948395,null,2
C0857117,null,2
C1167785,null,2
C0235231,null,2
C1963933,null,2
C0029095,null,2
C1963789,null,2
C0042380,null,2
C0155550,null,2
C0178829,null,2
C0007302,null,2
C0038986,null,2
C0151511,null,2
C0151526,null,2
C0221278,null,2
C0860160,null,2
C1112573,null,2
C2267227,null,2
C0152086,null,2
C0347721,null,2
C0333559,null,2
C0281803,null,2
C1096225,null,2
C0542247,null,2
C0267834,null,2
C0338113,null,2
C1153706,null,2
C0001206,null,2
C0007815,null,2
C0014714,null,2
C0030569,null,2
C0264545,null,2
C0338575,null,2
C0023182,null,2
C0853334,null,2
C0031485,null,2
C3665888,null,2
C0235792,null,2
C0860811,null,2
C0231710,null,2
C0018817,null,2
C0001916,null,2
C0030297,null,2
C0231471,null,2
C0343494,null,2
C0392168,null,2
C0520821,null,2
C0919590,null,2
C1142017,null,2
C1299624,null,2
C1504343,null,2
C1608410,null,2
C0850060,null,2
C0233697,null,2
C0235069,null,2
C1386135,null,2
C0267412,null,2
C0010418,null,2
C0235068,null,2
C0235974,null,2
C0037859,null,2
C0039242,null,2
C0231451,null,2
C0497481,null,2
C0750466,null,2
C1504465,null,2
C0022876,null,2
C0034091,null,2
C0521626,null,2
C0877077,null,2
C1328537,null,2
C0221725,null,2
C0221477,null,2
C0085654,null,2
C0522064,null,2
C0022906,null,2
C1167686,null,2
C1096185,null,2
C0004063,null,2
C0025274,null,2
C0006105,null,2
C0085437,null,2
C0542007,null,2
C1504431,null,2
C0002893,null,2
C0034011,null,2
C0861149,null,2
C0152964,null,2
C0017657,null,2
C0023529,null,2
C0270934,null,2
C0859032,null,2
C0428982,null,2
C0302592,null,2
C0008924,null,2
C0015914,null,2
C0267841,null,2
C0243001,null,2
C0700502,null,2
C0281778,null,2
C0205929,null,2
C0700198,null,2
C0029119,null,2
C2004487,null,2
C0877617,null,2
C0236023,null,2
C0235401,null,2
C0265122,null,2
C0004161,null,2
C0022578,null,2
C0034628,null,2
C0036117,null,2
C0040580,null,2
C0041601,null,2
C0043145,null,2
C0149732,null,2
C0151478,null,2
C0155428,null,2
C0159877,null,2
C0235168,null,2
C0242891,null,2
C0267158,null,2
C0270549,null,2
C0334082,null,2
C0339807,null,2
C0410740,null,2
C0520575,null,2
C0522058,null,2
C0549250,null,2
C0549253,null,2
C0549264,null,2
C0549393,null,2
C0549397,null,2
C0558919,null,2
C0589616,null,2
C0856081,null,2
C0877406,null,2
C0920163,null,2
C0948266,null,2
C0024441,null,2
C0001396,null,2
C0005944,null,2
C0086438,null,2
C1141863,null,1
C0009269,null,1
C0012746,null,1
C0423823,null,1
C0541882,null,1
C2937228,null,1
C0741983,null,1
C0175683,null,1
C0086066,null,1
C1328552,null,1
C0235046,null,1
C0242648,null,1
C0016514,null,1
C0580317,null,1
C0085273,null,1
C1142305,null,1
C1260402,null,1
C0241069,null,1
C0854388,null,1
C0030783,null,1
C0239652,null,1
C0007462,null,1
C0023440,null,1
C0151846,null,1
C0238807,null,1
C0241228,null,1
C0853013,null,1
C0857175,null,1
C0025568,null,1
C0679254,null,1
C0740464,null,1
C2363912,null,1
C0235272,null,1
C0006370,null,1
C0013537,null,1
C0017412,null,1
C0023051,null,1
C0034040,null,1
C0040427,null,1
C0151639,null,1
C0232981,null,1
C0274714,null,1
C0860661,null,1
C0877237,null,1
C0239589,null,1
C0272891,null,1
C1263855,null,1
C0919666,null,1
C1868879,null,1
C0852969,null,1
C0004377,null,1
C0016522,null,1
C0151584,null,1
C0175754,null,1
C0221147,null,1
C0235551,null,1
C0264009,null,1
C0271441,null,1
C0521507,null,1
C1141890,null,1
C1328377,null,1
C1504435,null,1
C1611162,null,1
C1696700,null,1
C1963718,null,1
C0149782,null,1
C0242231,null,1
C0263008,null,1
C0346647,null,1
C0522214,null,1
C0524702,null,1
C0549229,null,1
C0751576,null,1
C0857144,null,1
C0877183,null,1
C1292769,null,1
C1306587,null,1
C0032319,null,1
C0178703,null,1
C0268919,null,1
C0877267,null,1
C0877377,null,1
C2938970,null,1
C2938972,null,1
C0005411,null,1
C0041959,null,1
C0153618,null,1
C0153619,null,1
C0282488,null,1
C0341751,null,1
C0404445,null,1
C0854532,null,1
C0858979,null,1
C0869523,null,1
C1142523,null,1
C1442837,null,1
C1863751,null,1
C2242496,null,1
C0920195,null,1
C0236036,null,1
C0919890,null,1
C1504419,null,1
C0151649,null,1
C0041782,null,1
C0233569,null,1
C0235117,null,1
C0694575,null,1
C0265783,null,1
C0334579,null,1
C0079772,null,1
C0521619,null,1
C0851881,null,1
C0006287,null,1
C0025309,null,1
C0026272,null,1
C0235446,null,1
C0240059,null,1
C0424444,null,1
C0270075,null,1
C0278034,null,1
C0424786,null,1
C0852885,null,1
C0860728,null,1
C1112709,null,1
C1262006,null,1
C0268105,null,1
C1704327,null,1
C0008149,null,1
C0232599,null,1
C0700639,null,1
C0344431,null,1
C0233481,null,1
C0235641,null,1
C0023885,null,1
C0149770,null,1
C0149892,null,1
C0162638,null,1
C0238334,null,1
C0263111,null,1
C0333286,null,1
C1141926,null,1
C2747905,null,1
C3241958,null,1
C0428167,null,1
C0395005,null,1
C0000832,null,1
C0269806,null,1
C0424535,null,1
C1262038,null,1
C0270921,null,1
C2609319,null,1
C0162532,null,1
C0520933,null,1
C0549376,null,1
C0851891,null,1
C1504363,null,1
C1504537,null,1
C0231874,null,1
C0694547,null,1
C0149925,null,1
C0333271,null,1
C0858540,null,1
C0948693,null,1
C2242494,null,1
C0460048,null,1
C0235328,null,1
C0014752,null,1
C0694549,null,1
C0852396,null,1
C0235282,null,1
C3495950,null,1
C0032302,null,1
C0302507,null,1
C0343361,null,1
C0744235,null,1
C0854453,null,1
C0854504,null,1
C1096262,null,1
C0274727,null,1
C0857457,null,1
C0029485,null,1
C0241635,null,1
C0241712,null,1
C0542346,null,1
C1096213,null,1
C1112773,null,1
C0221228,null,1
C0423008,null,1
C1096116,null,1
C1112632,null,1
C1328291,null,1
C0085119,null,1
C0158322,null,1
C0347941,null,1
C0520563,null,1
C0520802,null,1
C0549257,null,1
C0857183,null,1
C3665356,null,1
C0268800,null,1
C1697943,null,1
C0424082,null,1
C1112722,null,1
C0521494,null,1
C0549201,null,1
C0343065,null,1
C0859978,null,1
C1096252,null,1
C1504438,null,1
C0549202,null,1
C0263443,null,1
C0399461,null,1
C0521476,null,1
C0546343,null,1
C0948389,null,1
C0234972,null,1
C0235462,null,1
C3160766,null,1
C1704375,null,1
C0006435,null,1
C0152096,null,1
C0022735,null,1
C0152436,null,1
C0234507,null,1
C1608408,null,1
C1735373,null,1
C0235048,null,1
C0002949,null,1
C0024003,null,1
C0264315,null,1
C1710632,null,1
C0521500,null,1
C0263367,null,1
C0268070,null,1
C0019623,null,1
C0859061,null,1
C0028798,null,1
C0852203,null,1
C0015799,null,1
C0032230,null,1
C0034884,null,1
C0038019,null,1
C0231772,null,1
C0234938,null,1
C0240812,null,1
C0341753,null,1
C0741160,null,1
C0853938,null,1
C0858934,null,1
C0151892,null,1
C0346392,null,1
C0423224,null,1
C1112371,null,1
C1271398,null,1
C1608399,null,1
C0152192,null,1
C0263465,null,1
C0302859,null,1
C0018023,null,1
C0221777,null,1
C0234374,null,1
C0349208,null,1
C0685341,null,1
C0858786,null,1
C0009398,null,1
C1963946,null,1
C0015467,null,1
C0271355,null,1
C1262195,null,1
C1394290,null,1
C1510450,null,1
C1142159,null,1
C0014306,null,1
C0702163,null,1
C0948282,null,1
C0855521,null,1
C0231527,null,1
C0026916,null,1
C0853737,null,1
C0854524,null,1
C0877336,null,1
C2350530,null,1
C0016807,null,1
C0267509,null,1
C0019364,null,1
C0343869,null,1
C0154841,null,1
C0235006,null,1
C0240941,null,1
C0877634,null,1
C0024530,null,1
C1867423,null,1
C0151995,null,1
C0342406,null,1
C0574785,null,1
C0022548,null,1
C0271093,null,1
C0521628,null,1
C0748019,null,1
C0856102,null,1
C0856126,null,1
C0856128,null,1
C1142470,null,1
C1504578,null,1
C0161446,null,1
C0556385,null,1
C0015407,null,1
C1112469,null,1
C0021847,null,1
C0695236,null,1
C1096275,null,1
C0042167,null,1
C0152253,null,1
C0542044,null,1
C0008526,null,1
C1444680,null,1
C1295585,null,1
C0234199,null,1
C0393847,null,1
C0854080,null,1
C0877401,null,1
C1262106,null,1
C0477371,null,1
C0677483,null,1
C0751436,null,1
C0268543,null,1
C0023480,null,1
C0280313,null,1
C0752347,null,1
C0015459,null,1
C0019338,null,1
C0034888,null,1
C0039504,null,1
C0085697,null,1
C0155943,null,1
C0262365,null,1
C0263888,null,1
C0271453,null,1
C0435632,null,1
C0541913,null,1
C0549277,null,1
C0549635,null,1
C0580546,null,1
C0744131,null,1
C0853246,null,1
C0853312,null,1
C0853759,null,1
C0853762,null,1
C0855618,null,1
C0855622,null,1
C0856100,null,1
C0877173,null,1
C0919777,null,1
C0948014,null,1
C0948482,null,1
C1096368,null,1
C1279247,null,1
C3203485,null,1
C0039496,null,1
C0577598,null,1
C0152972,null,1
C1096714,null,1
C1698259,null,1
C0001231,null,1
C0026751,null,1
C1370740,null,1
C0541754,null,1
C0857112,null,1
C0857160,null,1
C0863111,null,1
C0027438,null,1
C0847403,null,1
C0853857,null,1
C0854985,null,1
C0919892,null,1
C0948376,null,1
C0541802,null,1
C0553706,null,1
C0740434,null,1
C0854058,null,1
C0948257,null,1
C1698976,null,1
C0521496,null,1
C0877128,null,1
C0000924,null,1
C0863112,null,1
C0949804,null,1
C2721563,null,1
C0017636,null,1
C0019618,null,1
C0023891,null,1
C0038012,null,1
C0151680,null,1
C0151721,null,1
C0238457,null,1
C0268731,null,1
C0333258,null,1
C0340608,null,1
C0392175,null,1
C0473124,null,1
C0745744,null,1
C0751674,null,1
C0853123,null,1
C0853124,null,1
C0860987,null,1
C0919939,null,1
C1142257,null,1
C1142420,null,1
C1167868,null,1
C1868693,null,1
C2609269,null,1
C3160756,null,1
C1096303,null,1
C0233467,null,1
C0021670,null,1
C0151638,null,1
C0268435,null,1
C1527401,null,1
C0948298,null,1
C0006079,null,1
C0037293,null,1
C0853753,null,1
C0235634,null,1
C0238634,null,1
C0025062,null,1
C0276651,null,1
C0340214,null,1
C0853224,null,1
C1696708,null,1
C1761609,null,1
C2609148,null,1
C1096496,null,1
C3665795,null,1
C1695896,null,1
C1697973,null,1
C0262380,null,1
C1112210,null,1
C0683416,null,1
C0002447,null,1
C0003466,null,1
C0003492,null,1
C0008497,null,1
C0008626,null,1
C0009081,null,1
C0013589,null,1
C0016033,null,1
C0018987,null,1
C0023448,null,1
C0025312,null,1
C0027794,null,1
C0031575,null,1
C0032994,null,1
C0033375,null,1
C0039685,null,1
C0162678,null,1
C0206093,null,1
C0206624,null,1
C0231557,null,1
C0235964,null,1
C0237020,null,1
C0277960,null,1
C0345217,null,1
C0345907,null,1
C0392039,null,1
C0423361,null,1
C0497552,null,1
C0542519,null,1
C0558353,null,1
C0685707,null,1
C0740804,null,1
C0795690,null,1
C1696704,null,1
C0010417,null,1
C0016842,null,1
C0020312,null,1
C0039075,null,1
C0041428,null,1
C0080174,null,1
C0152149,null,1
C0426900,null,1
C0458109,null,1
C0877038,null,1
C0178417,null,1
C0238051,null,1
C0556446,null,1
C1142333,null,1
C1112349,null,1
C0221154,null,1
C0231613,null,1
C0151620,null,1
C0235770,null,1
C0699791,null,1
C0856897,null,1
C0549334,null,1
C0588128,null,1
C0687675,null,1
C0854567,null,1
C0877117,null,1
C0341505,null,1
C0406650,null,1
C0857246,null,1
C0029434,null,1
C0162386,null,1
C0341117,null,1
C0743575,null,1
C1442968,null,1
C3495947,null,1
C0029396,null,1
C0149911,null,1
C0302313,null,1
C0700509,null,1
C0085648,null,1
C0541840,null,1
C0553576,null,1
C1262018,null,1
C1698088,null,1
C0022656,null,1
C0340643,null,1
C0457436,null,1
C0740281,null,1
C0039128,null,1
C0149985,null,1
C0030790,null,1
C0036502,null,1
C0040953,null,1
C0238707,null,1
C0264309,null,1
C0577628,null,1
C0852919,null,1
C0855235,null,1
C0877179,null,1
C1112537,null,1
C1167677,null,1
C0016751,null,1
C0235847,null,1
C0853402,null,1
C0860209,null,1
C0236022,null,1
C1306580,null,1
C0153252,null,1
C3203466,null,1
C1540600,null,1
C0043325,null,1
C0476397,null,1
C0542075,null,1
C0857027,null,1
C0007863,null,1
C0008513,null,1
C0151946,null,1
C0221237,null,1
C0232267,null,1
C0282005,null,1
C0595861,null,1
C1168225,null,1
C0024899,null,1
C0346421,null,1
C0473311,null,1
C0877584,null,1
C1699324,null,1
C0000735,null,1
C0012624,null,1
C0028432,null,1
C0153452,null,1
C0233657,null,1
C0235927,null,1
C0347197,null,1
C2242574,null,1
C0948733,null,1
C0476289,null,1
C0078911,null,1
C0919603,null,1
C1261167,null,1
C3495559,null,1
C0522046,null,1
C0155111,null,1
C0278126,null,1
C0231694,null,1
C0859371,null,1
C0003872,null,1
C1455782,null,1
C0033936,null,1
C0233774,null,1
C0027134,null,1
C0155388,null,1
C0267446,null,1
C0854402,null,1
C0854466,null,1
C1142358,null,1
C1142524,null,1
C0029734,null,1
C1096256,null,1
C1504405,null,1
C0013423,null,1
C0233408,null,1
C0010495,null,1
C0339434,null,1
C0423124,null,1
C0936254,null,1
C0002891,null,1
C0030793,null,1
C0743072,null,1
C0853973,null,1
C1095923,null,1
C1411873,null,1
C1527410,null,1
C0235698,null,1
C0235721,null,1
C0853150,null,1
C1136085,null,1
C0004812,null,1
C0042568,null,1
C0007274,null,1
C0007873,null,1
C0038000,null,1
C0151879,null,1
C0302590,null,1
C0549473,null,1
C1279296,null,1
C0023370,null,1
C0744221,null,1
C0423701,null,1
C0858249,null,1
C0919662,null,1
C0005398,null,1
C0863147,null,1
C0239154,null,1
C0549384,null,1
C0919840,null,1
C0155216,null,1
C1142151,null,1
C0011757,null,1
C0014550,null,1
C0018552,null,1
C0026633,null,1
C0155947,null,1
C0206762,null,1
C0234543,null,1
C0235753,null,1
C0266316,null,1
C0521554,null,1
C0521694,null,1
C0853811,null,1
C1328407,null,1
C1737329,null,1
C1739111,null,1
C1868998,null,1
C0403645,null,1
C0854101,null,1
C1736172,null,1
C0019385,null,1
C0014065,null,1
C0032045,null,1
C0235487,null,1
C0855791,null,1
C1384597,null,1
C0152196,null,1
C0920157,null,1
C0947964,null,1
C0877092,null,1
C0009918,null,1
C0022362,null,1
C0022821,null,1
C0032739,null,1
C0036337,null,1
C0036601,null,1
C0040252,null,1
C0085740,null,1
C0152447,null,1
C0159658,null,1
C0233519,null,1
C0234922,null,1
C0234988,null,1
C0235081,null,1
C0272386,null,1
C0342548,null,1
C0426959,null,1
C0850001,null,1
C0853710,null,1
C0853782,null,1
C0854111,null,1
C0854171,null,1
C0854286,null,1
C0854372,null,1
C0856050,null,1
C0857979,null,1
C0860805,null,1
C0863087,null,1
C0863100,null,1
C0948352,null,1
C0948353,null,1
C0948579,null,1
C1112261,null,1
C1141884,null,1
C1141959,null,1
C1504376,null,1
C1536916,null,1
C0241137,null,1
C0393947,null,1
C0549428,null,1
C0542051,null,1
C1167699,null,1
C0677658,null,1
C0003534,null,1
C0010598,null,1
C0010695,null,1
C0014170,null,1
C0016045,null,1
C0017416,null,1
C0023267,null,1
C0034215,null,1
C0040961,null,1
C0042140,null,1
C0085084,null,1
C0149651,null,1
C0149709,null,1
C0149771,null,1
C0152167,null,1
C0154041,null,1
C0155765,null,1
C0155796,null,1
C0156318,null,1
C0221782,null,1
C0235557,null,1
C0239161,null,1
C0240713,null,1
C0269173,null,1
C0269190,null,1
C0333912,null,1
C0341858,null,1
C0436503,null,1
C0560637,null,1
C0740292,null,1
C0740314,null,1
C0854131,null,1
C0877645,null,1
C0919768,null,1
C0919947,null,1
C0920016,null,1
C0948277,null,1
C1142133,null,1
C1262149,null,1
C1328358,null,1
C1328386,null,1
C1442998,null,1
C1868829,null,1
C2937220,null,1
C1321523,null,1
C0425591,null,1
C0033797,null,1
C1522058,null,1
C2930821,null,1
C0020498,null,1
C0263962,null,1
C0271420,null,1
C0281361,null,1
C0549536,null,1
C0578682,null,1
C0854495,null,1
C0342881,null,1
C0342882,null,1
C1285577,null,1
C1142175,null,1
C0312414,null,1
C0496870,null,1
C0011636,null,1
C0038165,null,1
C0948198,null,1
C0302832,null,1
C1744587,null,1
C0742339,null,1
C1740836,null,1
C0474529,null,1
C1096529,null,1
C0235263,null,1
C0860516,null,1
C0520564,null,1
C1142446,null,1
C0876998,null,1
C0041825,null,1
C0541922,null,1
C1261562,null,1
C1868893,null,1
C0400877,null,1
C0085383,null,1
C0948342,null,1
C0032633,null,1
C1112677,null,1
C0949091,null,1
C1737211,null,1
C0236061,null,1
C0030521,null,1
C0034183,null,1
C0156353,null,1
C0162810,null,1
C0266453,null,1
C0948301,null,1
C1112746,null,1
C1142459,null,1
C1696942,null,1
C0206171,null,1
C0457798,null,1
C0241012,null,1
C0156273,null,1
C0221281,null,1
C0238097,null,1
C1262005,null,1
C0917816,null,1
C0278678,null,1
C1096082,null,1
C0036114,null,1
C0178874,null,1
C0745761,null,1
C0001707,null,1
C0476405,null,1
C0855977,null,1
C0948333,null,1
C1142086,null,1
C1142530,null,1
C0025319,null,1
C0877605,null,1
C0030785,null,1
C0036412,null,1
C0239266,null,1
C0276143,null,1
C0281940,null,1
C0848648,null,1
C0919691,null,1
C0919986,null,1
C1096036,null,1
C1142178,null,1
C1318314,null,1
C0268009,null,1
C0232410,null,1
C0015668,null,1
C0549447,null,1
C0001849,null,1
C3495931,null,1
C1328561,null,1
C0856137,null,1
C0021899,null,1
C0042139,null,1
C0042258,null,1
C0235656,null,1
C0236167,null,1
C0541976,null,1
C0853203,null,1
C0267988,null,1
C0476337,null,1
C0151673,null,1
C0549273,null,1
C0549280,null,1
C0549294,null,1
C0852696,null,1
C0854095,null,1
C0854135,null,1
C0854697,null,1
C0856095,null,1
C0856105,null,1
C0856108,null,1
C0856115,null,1
C0860749,null,1
C0877468,null,1
C1175175,null,1
C1455780,null,1
C1536070,null,1
C0560046,null,1
C0857199,null,1
C0154251,null,1
C1963964,null,1
C0017662,null,1
C0268733,null,1
C2242576,null,1
C0014541,null,1
C0030293,null,1
C0162291,null,1
C0748055,null,1
C1704202,null,1
C0152486,null,1
C1112192,null,1
C0234934,null,1
C0302858,null,1
C0345996,null,1
C0473120,null,1
C0521471,null,1
C0541767,null,1
C1142115,null,1
C0343378,null,1
C0948036,null,1
C0006434,null,1
C0023531,null,1
C0033949,null,1
C0042341,null,1
C0233976,null,1
C0268671,null,1
C0277986,null,1
C0438241,null,1
C0455880,null,1
C0520546,null,1
C0856152,null,1
C0856968,null,1
C0877331,null,1
C0877497,null,1
C0877639,null,1
C0919568,null,1
C2721578,null,1
C3160830,null,1
C0239987,null,1
C0267953,null,1
C0438434,null,1
C0011251,null,1
C0278147,null,1
C0406305,null,1
C0852793,null,1
C0235855,null,1
C0742007,null,1
C0030593,null,1
C0085650,null,1
C0856677,null,1
C0027073,null,1
C0015401,null,1
C0033999,null,1
C0520729,null,1
C0541865,null,1
C0748538,null,1
C0852952,null,1
C0877339,null,1
C0033075,null,1
C0085569,null,1
C0233415,null,1
C0235834,null,1
C0259972,null,1
C0270736,null,1
C0426596,null,1
C0428196,null,1
C0751265,null,1
C0855217,null,1
C0877792,null,1
C1142034,null,1
C1261981,null,1
C0855624,null,1
C0857236,null,1
C0232826,null,1
C0152915,null,1
C2938903,null,1
C0423172,null,1
C2752009,null,1
C0149704,null,1
C0221348,null,1
C0403529,null,1
C0235430,null,1
C0858738,null,1
C0014718,null,1
C0751523,null,1
C1112209,null,1
C0025500,null,1
C0238113,null,1
C1167745,null,1
C0263437,null,1
C1167675,null,1
C1262200,null,1
C0003119,null,1
C0023794,null,1
C0162824,null,1
C0281863,null,1
C1735646,null,1
C0578159,null,1
C0035288,null,1
C0151666,null,1
C0151728,null,1
C0240173,null,1
C0151775,null,1
C0542120,null,1
C0342311,null,1
C0001733,null,1
C0159020,null,1
C0475319,null,1
C0020981,null,1
C0233931,null,1
C0476486,null,1
C0085423,null,1
C0236178,null,1
C0576995,null,1
C0855619,null,1
C1168175,null,1
C1697747,null,1
C0007131,null,1
C0858684,null,1
C0859871,null,1
C1322253,null,1
C0004767,null,1
C0547000,null,1
C1527405,null,1
C2609073,null,1
C1096286,null,1
C0745153,null,1
C0011875,null,1
C0555970,null,1
C1142295,null,1
C0002895,null,1
C0022078,null,1
C0235260,null,1
C0235980,null,1
C0271211,null,1
C0339478,null,1
C0497217,null,1
C0750151,null,1
C2712054,null,1
C0002894,null,1
C0005716,null,1
C0235632,null,1
C0280028,null,1
C0521499,null,1
C0549335,null,1
C0948976,null,1
C0948991,null,1
C0151190,null,1
C1328327,null,1
C1959797,null,1
C0239885,null,1
C0549450,null,1
C0852878,null,1
C0020641,null,1
C0271160,null,1
C0392557,null,1
C0948862,null,1
C1112376,null,1
C2314994,null,1
C0858524,null,1
C0854359,null,1
C0221239,null,1
C0238874,null,1
C0877266,null,1
C1148477,null,1
C0020503,null,1
C0005904,null,1
C0030489,null,1
C0036982,null,1
C0151665,null,1
C0406484,null,1
C0854380,null,1
C0861020,null,1
C0877334,null,1
C1262299,null,1
C0920070,null,1